rank_page,word,count_sum,count_mean,tfidf_mean,rank_article,rank_page_count,article_count,current_page_count,first_appear
1,2016,5,5.0,0.007649816376618402,9,1,1,1,1
1,2018,4,4.0,0.004420563319743745,9,2,2,1,1
1,2021,11,11.0,0.019930206500026356,9,1,1,1,1
1,300億機能益生菌,4,4.0,0.027571364769415317,9,1,1,1,1
1,80,4,4.0,0.00571761574476006,9,1,1,1,1
1,A17,5,5.0,0.022078875480521083,9,1,1,1,1
1,BB536,4,4.0,0.01400096432515074,9,1,1,1,1
1,BRAP,9,9.0,0.04367382854259591,9,1,1,1,1
1,Bifidobacterium,4,4.0,0.02524308288498879,9,3,4,1,1
1,BioOne,8,8.0,0.02739156498100188,9,1,1,1,1
1,CRL1505,6,6.0,0.030151856080069962,9,1,1,1,1
1,EFSA,5,5.0,0.04316327081725803,9,1,1,1,1
1,Enterococcus,4,4.0,0.022827394883468133,9,2,2,1,1
1,HB89,9,9.0,0.05272989249434186,9,1,1,1,1
1,HN019,9,9.0,0.03391583133101241,9,1,1,1,1
1,IMC501,4,4.0,0.027559630192811938,9,1,1,1,1
1,K21,10,10.0,0.04915694106004991,9,1,1,1,1
1,K47,6,6.0,0.0335679332163672,9,1,1,1,1
1,KM97,5,5.0,0.031448422140981584,9,1,1,1,1
1,LGG,17,17.0,0.04812499181486293,9,4,6,1,1
1,LJ菌,1,1.0,0.011480204077401364,9,3,3,1,1
1,LP,44,22.0,0.0604232715157179,9,2,3,2,1
1,LP33,7,7.0,0.02073362673726437,9,2,2,1,1
1,Lactobacillus,40,10.0,0.03929622452189284,9,7,16,4,1
1,NCFM,10,10.0,0.03903118370440635,9,2,2,1,1
1,PS128,10,10.0,0.040604753032795496,9,1,1,1,1
1,PS23,6,6.0,0.02966192194894836,9,1,1,1,1
1,Probiotics,8,8.0,0.038566818509711255,9,1,1,1,1
1,SP1,4,4.0,0.0160828622111712,9,1,1,1,1
1,pH,5,5.0,0.034830275669267025,9,2,2,1,1
1,paracasei,8,8.0,0.0316727902193522,9,2,2,1,1
1,plantarum,7,7.0,0.026138756524521814,9,2,2,1,1
1,product,14,7.0,0.022009613201139696,9,1,2,2,1
1,products,8,4.0,0.013709493253473756,9,1,2,2,1
1,rhamnosus,7,7.0,0.026208863777422875,9,3,3,1,1
1,一家人益生菌評價,1,1.0,0.006042431334033226,9,1,1,1,1
1,三得利,4,4.0,0.009243095817152146,9,1,1,1,1
1,三得利益生菌,2,2.0,0.009759770442780523,9,2,2,1,1
1,不適,8,8.0,0.05996510510077537,9,2,2,1,1
1,中文,8,4.0,0.005576226651205008,9,1,2,2,1
1,主菌,6,6.0,0.02609250366464329,9,1,1,1,1
1,主菌種,21,10.5,0.059259393862773985,9,1,2,2,1
1,主要,6,6.0,0.0034093297865676274,9,3,3,1,1
1,乳桿菌,3,1.5,0.007576558723792568,9,8,11,2,1
1,乳桿菌屬,3,1.5,0.018300200694951255,9,3,4,2,1
1,乳酸乳球菌,2,2.0,0.008844843812091382,9,3,3,1,1
1,乳酸桿菌,3,1.0,0.004448501375356031,9,8,18,3,1
1,乳酸菌,33,5.5,0.010267474330678405,9,10,43,6,1
1,乳酸菌但非益生菌,1,1.0,0.008514143681490059,9,1,1,1,1
1,乾酪乳桿菌,1,1.0,0.003155733130125975,9,6,9,1,1
1,乾酪乳酸桿菌,1,1.0,0.015058605991798094,9,5,6,1,1
1,了解,21,10.5,0.0072208063087613305,9,2,3,2,1
1,亞硝胺,4,4.0,0.04344732914365309,9,1,1,1,1
1,人體,12,4.0,0.011809634539343741,9,9,16,3,1
1,介紹,9,9.0,0.008063891006073316,9,2,2,1,1
1,代謝,10,10.0,0.01983808568836706,9,1,1,1,1
1,使用,66,11.0,0.0040424338608394,9,7,19,6,1
1,來源,5,5.0,0.008843869535261388,9,5,7,1,1
1,依賴,5,5.0,0.03268040366233662,9,2,2,1,1
1,便祕,5,5.0,0.012920221726176151,9,2,2,1,1
1,便秘,11,11.0,0.009925881957084387,9,3,3,1,1
1,促進,5,5.0,0.009137712009029226,9,3,3,1,1
1,保健,14,14.0,0.005061332045453547,9,5,5,1,1
1,保存,4,4.0,0.013161879731871415,9,5,5,1,1
1,保養,17,8.5,0.01036288842624189,9,4,6,2,1
1,健康,31,5.166666666666667,0.0003439856253300659,9,10,39,6,1
1,價格,10,10.0,0.010526238990195088,9,2,2,1,1
1,優格,7,7.0,0.04953076525504298,9,5,6,1,1
1,優酪乳,12,6.0,0.03943445365195666,9,4,5,2,1
1,兒童益生菌,1,1.0,0.002859627844515909,9,1,1,1,1
1,兒童益生菌推薦,1,1.0,0.004419740626623059,9,1,1,1,1
1,入睡,4,4.0,0.009016960297818913,9,1,1,1,1
1,內容,4,4.0,0.0050201528844011295,9,2,2,1,1
1,具備,5,5.0,0.010862349961470496,9,2,2,1,1
1,具有,4,4.0,0.002971477819908634,9,5,6,1,1
1,分成,4,4.0,0.009176336279661022,9,1,1,1,1
1,分解,7,7.0,0.010604942147102676,9,1,1,1,1
1,副乾酪乳桿菌,10,3.3333333333333335,0.018834605402516455,9,8,13,3,1
1,劑量,5,5.0,0.01222695000068804,9,1,1,1,1
1,功效,73,18.25,0.02002893823024643,9,9,16,4,1
1,功能,20,20.0,0.008561712718887156,9,6,8,1,1
1,加氏乳桿菌,2,2.0,0.011083765006940515,9,3,3,1,1
1,助消化,13,13.0,0.02872942996011481,9,1,1,1,1
1,包埋,7,7.0,0.029361115627391007,9,1,1,1,1
1,包括,9,9.0,0.005794270882234669,9,5,6,1,1
1,原因,5,5.0,0.0027350006023367885,9,3,3,1,1
1,原生保健性菌種,1,1.0,0.011336406349103741,9,2,2,1,1
1,參考,6,6.0,0.008064397695113077,9,3,3,1,1
1,可溶性,4,4.0,0.01213133907574364,9,3,3,1,1
1,台灣,19,9.5,0.00755741595866603,9,2,3,2,1
1,吃益生菌,37,4.625,0.0257785298936346,9,10,31,8,1
1,合適,6,6.0,0.012728952120659857,9,1,1,1,1
1,同樣,4,4.0,0.0073261787074161856,9,1,1,1,1
1,品牌,14,14.0,0.0037676134448757647,9,5,6,1,1
1,問題,19,9.5,0.009125767272033637,9,7,9,2,1
1,善存,6,6.0,0.011109279787325777,9,1,1,1,1
1,嗜熱鏈球菌,3,1.5,0.006134314945648133,9,3,5,2,1
1,嗜酸乳桿菌,7,1.75,0.011469162410508795,9,10,20,4,1
1,嘗試,5,5.0,0.00849153314287497,9,1,1,1,1
1,嚴謹,4,4.0,0.012856059780754858,9,1,1,1,1
1,因子,5,5.0,0.00990257477752815,9,1,1,1,1
1,國家,4,4.0,0.010491424590417523,9,1,1,1,1
1,壞菌,8,1.6,0.010758720764133502,9,9,34,5,1
1,多數,4,4.0,0.007338290503251366,9,1,1,1,1
1,大種,4,4.0,0.01566027430479266,9,1,1,1,1
1,大腸桿菌,2,2.0,0.01014256005850633,9,4,4,1,1
1,天然,9,9.0,0.007257590893850964,9,3,3,1,1
1,女性,4,4.0,0.002804987784461009,9,4,4,1,1
1,好聰敏益生菌,1,1.0,0.003919113337768115,9,2,3,1,1
1,好菌,31,4.428571428571429,0.02061796499804324,9,10,36,7,1
1,娘家益生菌評價,2,2.0,0.011854830473235307,9,1,1,1,1
1,嬰兒,4,4.0,0.010136274275920077,9,4,4,1,1
1,孕期,9,9.0,0.02787643380372551,9,1,1,1,1
1,安全,5,5.0,0.00168854195197178,9,4,4,1,1
1,定殖,5,5.0,0.011601405791934043,9,6,6,1,1
1,寡糖,7,7.0,0.014679863044909152,9,7,8,1,1
1,實驗,5,5.0,0.009098024649180874,9,2,2,1,1
1,寶寶,5,5.0,0.015676918590977095,9,2,2,1,1
1,專利,26,8.666666666666666,0.016852800544092397,9,7,10,3,1
1,專利菌種,10,10.0,0.03803043901351247,9,2,2,1,1
1,導致,5,5.0,0.00809825886817421,9,1,1,1,1
1,小朋友,4,4.0,0.009054913420821866,9,2,2,1,1
1,尿酸,5,5.0,0.0181398909714418,9,1,1,1,1
1,屎腸球菌,1,1.0,0.01642257333403671,9,7,9,1,1
1,差異,12,12.0,0.019375667641761737,9,3,3,1,1
1,市售,11,11.0,0.02548103300717972,9,2,2,1,1
1,市面上,4,4.0,0.007844446435151272,9,4,4,1,1
1,幫助,62,15.5,0.02468960750979269,9,8,18,4,1
1,建議,27,9.0,0.016229833474405975,9,8,18,3,1
1,微生物,6,6.0,0.01286109041339074,9,6,11,1,1
1,思緒,4,4.0,0.012263370180370551,9,1,1,1,1
1,成分,19,19.0,0.01104358045161332,9,7,7,1,1
1,技術,11,5.5,0.010532945706339248,9,3,5,2,1
1,抗生素,5,5.0,0.02901474750363158,9,7,8,1,1
1,挑選,14,7.0,0.015627586398496568,9,7,11,2,1
1,排便,5,5.0,0.0072641743504136295,9,2,2,1,1
1,排便順暢,5,5.0,0.01905104667465864,9,1,1,1,1
1,推薦,44,14.666666666666666,0.011059388902037988,9,9,24,3,1
1,提升,14,7.0,0.008771390855564377,9,2,3,2,1
1,搭配,9,4.5,0.007186206115450389,9,2,3,2,1
1,擁有,5,5.0,0.008962946088809737,9,2,2,1,1
1,支持,9,9.0,0.005574312179492445,9,2,2,1,1
1,改善,20,6.666666666666667,0.008193846029741334,9,7,12,3,1
1,改變細菌叢生態,4,1.3333333333333333,0.005108934277210792,9,5,7,3,1
1,敖立燕,4,4.0,0.09849173562160372,9,1,1,1,1
1,文章,7,7.0,0.002856274803769371,9,4,5,1,1
1,新陳代謝,5,5.0,0.011972285606062106,9,1,1,1,1
1,族群,11,5.5,0.020847982481042145,9,2,3,2,1
1,日本,5,5.0,0.0027999574412429108,9,5,5,1,1
1,時間,5,5.0,0.0034733683868738807,9,5,7,1,1
1,更多,13,13.0,0.010316320236884871,9,3,3,1,1
1,有助,5,5.0,0.005589805936786178,9,3,3,1,1
1,有效,15,15.0,0.009680608485943312,9,5,7,1,1
1,有用,4,4.0,0.009997490646027635,9,1,1,1,1
1,有益菌,1,1.0,0.005083100168042296,9,9,14,1,1
1,有益菌數,1,1.0,0.015538530923642702,9,3,3,1,1
1,服用,12,12.0,0.013323429870584077,9,7,9,1,1
1,桿菌,5,1.25,0.00393262775352324,9,4,9,4,1
1,梭菌,3,1.5,0.009946499812550136,9,3,4,2,1
1,森下仁丹,10,10.0,0.02294084069915256,9,1,1,1,1
1,植物乳桿菌,11,5.5,0.021336391370421225,9,7,10,2,1
1,概念,5,5.0,0.00768681289468247,9,1,1,1,1
1,機能,26,26.0,0.039887917322902734,9,2,2,1,1
1,機能性,6,6.0,0.01773405861283441,9,1,1,1,1
1,檢驗,5,5.0,0.012886188505416115,9,2,2,1,1
1,正常,5,5.0,0.0035698982093316477,9,3,4,1,1
1,死菌,2,2.0,0.006816597519949238,9,5,6,1,1
1,母乳,5,5.0,0.011455718051284423,9,2,2,1,1
1,母嬰,4,4.0,0.007846994886026066,9,1,1,1,1
1,每天,4,4.0,0.002586719840597655,9,5,5,1,1
1,比菲德氏B菌,4,2.0,0.015544177159710897,9,1,2,2,1
1,比菲德氏菌,10,3.3333333333333335,0.01862612929313688,9,9,17,3,1
1,比菲德氏龍根菌,2,2.0,0.02811336397097436,9,4,6,1,1
1,比較,15,7.5,0.011232744348575179,9,6,8,2,1
1,民眾,4,4.0,0.02778156120552017,9,1,1,1,1
1,沒效,8,8.0,0.026268872528975456,9,1,1,1,1
1,波菌,1,1.0,0.012247689154647192,9,1,1,1,1
1,注意,12,6.0,0.0032299222938317485,9,5,6,2,1
1,洛德乳桿菌,1,1.0,0.004681309554763089,9,3,3,1,1
1,活性,6,6.0,0.02465707271614998,9,3,4,1,1
1,活菌,6,3.0,0.012650781728695083,9,10,25,2,1
1,海藻,4,4.0,0.011996635844026576,9,1,1,1,1
1,消化,10,5.0,0.003192348512304084,9,5,7,2,1
1,消化道,6,6.0,0.01842439405389486,9,5,5,1,1
1,添加,14,7.0,0.00502751753535816,9,7,13,2,1
1,添加物,17,8.5,0.01898638721531317,9,4,5,2,1
1,濃度,7,7.0,0.021873183209368992,9,1,1,1,1
1,營養,4,4.0,0.0037733746734255743,9,6,9,1,1
1,營養師,20,10.0,0.062373226986660035,9,4,5,2,1
1,營養師輕食300億機能益生菌,1,1.0,0.0077241230242008655,9,1,1,1,1
1,牛奶,4,4.0,0.007402169581371766,9,2,2,1,1
1,特殊,12,6.0,0.005448594354432835,9,2,3,2,1
1,狀況,14,7.0,0.012054581874782304,9,2,4,2,1
1,玉米,4,4.0,0.005380118543548679,9,3,3,1,1
1,球菌,11,3.6666666666666665,0.014150825845386598,9,9,17,3,1
1,環境,8,4.0,0.012756786226395849,9,8,14,2,1
1,甜味,4,4.0,0.007509045686488006,9,2,2,1,1
1,生理,4,4.0,0.005963377342642268,9,1,1,1,1
1,產品,82,16.4,0.028017935056815206,9,10,27,5,1
1,異位性皮膚炎,8,8.0,0.02222183329180297,9,2,2,1,1
1,症狀,4,4.0,0.006854998247311923,9,4,4,1,1
1,發揮,5,5.0,0.03332410044770226,9,2,2,1,1
1,發現,7,7.0,0.007274038230401622,9,6,6,1,1
1,白色念珠菌,1,1.0,0.003325034530060181,9,2,2,1,1
1,益伏敏,4,4.0,0.020531260053911104,9,1,1,1,1
1,益暢敏益生菌,1,1.0,0.004225281270519631,9,2,2,1,1
1,益生元,5,1.6666666666666667,0.0056079917128292744,9,8,15,3,1
1,益生菌,424,47.111111111111114,0.0005621007516027363,9,10,58,9,1
1,益生菌且為乳酸菌,1,1.0,0.008514143681490059,9,1,1,1,1
1,益生菌什麼時候吃,3,1.5,0.010735765133954531,9,2,3,2,1
1,益生菌但非乳酸菌,1,1.0,0.008514143681490059,9,1,1,1,1
1,益生菌功效,17,5.666666666666667,0.026305451832383617,9,4,6,3,1
1,益生菌品牌,6,3.0,0.015660187363782788,9,6,8,2,1
1,益生菌品牌推薦,2,1.0,0.005287074088657341,9,1,2,2,1
1,益生菌好處,1,1.0,0.01592224364637184,9,2,3,1,1
1,益生菌怎麼吃,3,1.5,0.01161082499465972,9,3,7,2,1
1,益生菌推薦,23,4.6,0.017557663136340374,9,5,9,5,1
1,益生菌比較,4,1.3333333333333333,0.009971649462386318,9,3,5,3,1
1,益生菌種類,1,1.0,0.02667337640908121,9,6,9,1,1
1,益生菌食物,1,1.0,0.014076792226481834,9,1,1,1,1
1,益生質,29,5.8,0.025285373706168755,9,8,23,5,1
1,益菌,9,2.25,0.013068786629503087,9,10,32,4,1
1,益菌優,3,3.0,0.012730904067005002,9,2,2,1,1
1,益菌寶,3,3.0,0.014446759108134566,9,2,2,1,1
1,相關,10,10.0,0.005614970920098822,9,7,7,1,1
1,看到,4,4.0,0.0026615867032376626,9,2,2,1,1
1,真正,5,5.0,0.008406624964608284,9,2,2,1,1
1,知道,16,8.0,0.004231739086255016,9,2,3,2,1
1,研發,6,6.0,0.017211069568211942,9,1,1,1,1
1,研究,21,10.5,0.007183021782369342,9,8,16,2,1
1,私密,9,4.5,0.00634225597251643,9,3,4,2,1
1,私密保養,6,6.0,0.01746041465966555,9,1,1,1,1
1,稱為,4,4.0,0.02410659312454413,9,1,1,1,1
1,第四代,5,5.0,0.015929863116507566,9,1,1,1,1
1,粉劑,8,8.0,0.025273129097388908,9,1,1,1,1
1,糞腸球菌,1,1.0,0.017240499048462383,9,7,10,1,1
1,細菌,11,1.5714285714285714,0.0059732758922367065,9,9,34,7,1
1,細菌叢生態,6,2.0,0.009880700287070767,9,4,6,3,1
1,維持,4,4.0,0.02199797966720333,9,3,5,1,1
1,維持消化道機能,8,8.0,0.020596845501417854,9,2,2,1,1
1,維生素,4,4.0,0.00944773357291364,9,3,3,1,1
1,編碼,10,10.0,0.05359165607222333,9,1,1,1,1
1,總菌,2,2.0,0.014753238333395143,9,4,4,1,1
1,繁殖,4,4.0,0.026523015444666277,9,2,2,1,1
1,繁體,8,4.0,0.015640661650549236,9,1,2,2,1
1,纖維,4,4.0,0.006281716338741892,9,3,3,1,1
1,羊奶,5,5.0,0.0217941312790443,9,1,1,1,1
1,義美生醫,4,4.0,0.011639076050944523,9,1,1,1,1
1,耐酸,8,4.0,0.029415192797129962,9,2,3,2,1
1,耐酸耐鹼,6,6.0,0.026518443759738355,9,1,1,1,1
1,胃部,5,5.0,0.01125166526089518,9,1,1,1,1
1,胃酸,18,6.0,0.02292785190961218,9,5,7,3,1
1,脹氣,4,4.0,0.009551071973897023,9,2,2,1,1
1,腸胃,13,6.5,0.01971955325894624,9,5,8,2,1
1,腸胃益生菌推薦,5,5.0,0.019595566688840577,9,1,1,1,1
1,腸胃道,5,5.0,0.09662447823270001,9,5,5,1,1
1,腸道,47,9.4,0.03757988610480575,9,10,36,5,1
1,腸道保健,6,6.0,0.018520394130109655,9,1,1,1,1
1,腸道好菌,3,1.0,0.008635396710722807,9,4,6,3,1
1,腸道益生菌,7,3.5,0.013805634939183086,9,6,10,2,1
1,腸道益生菌推薦,2,2.0,0.009107553106525472,9,1,1,1,1
1,腸道菌叢生態,2,1.0,0.005134401885065492,9,3,5,2,1
1,腹瀉,17,17.0,0.037360326274172656,9,4,6,1,1
1,膠原蛋白,4,4.0,0.009736751080601949,9,2,2,1,1
1,膳食纖維,14,14.0,0.026433115200982824,9,5,6,1,1
1,膽鹽,9,9.0,0.036594896786539516,9,2,2,1,1
1,自行,4,4.0,0.02415380887941161,9,1,1,1,1
1,致病菌,2,1.0,0.005063312575508282,9,5,6,2,1
1,芽孢桿菌,2,2.0,0.01387501399862132,9,4,4,1,1
1,菌叢,6,1.5,0.009138311067662969,9,8,26,4,1
1,菌數,20,10.0,0.033641401406518646,9,10,29,2,1
1,菌株,72,12.0,0.03595892831686575,9,10,35,6,1
1,菌產品,1,1.0,0.002977188789825849,9,1,1,1,1
1,菌種,89,11.125,0.0564989470656038,9,10,47,8,1
1,菌種平衡,3,1.5,0.019914887725595645,9,6,10,2,1
1,菌群,2,2.0,0.00510546428145115,9,6,8,1,1
1,菌輔,1,1.0,0.005198884780226458,9,1,1,1,1
1,菌量,1,1.0,0.011523533139143038,9,6,7,1,1
1,萃取,5,5.0,0.011292928032536441,9,3,3,1,1
1,葡萄王益生菌,1,1.0,0.003931438456602815,9,1,1,1,1
1,蔓越,6,6.0,0.008541094111453418,9,2,2,1,1
1,藥品,8,8.0,0.0514751111510828,9,2,2,1,1
1,藥師,4,4.0,0.04061903687656839,9,1,1,1,1
1,藥物,4,4.0,0.05032737499775079,9,2,2,1,1
1,補充,9,4.5,0.010632177329642662,9,8,17,2,1
1,複合菌,7,3.5,0.014424085799517258,9,1,2,2,1
1,規定菌,1,1.0,0.008152893767579474,9,1,1,1,1
1,角色,5,5.0,0.006478827630981715,9,1,1,1,1
1,評價,7,7.0,0.009245466510334366,9,1,1,1,1
1,認證,6,6.0,0.021104149799776074,9,2,2,1,1
1,調整,40,10.0,0.0211974614046926,9,4,8,4,1
1,調節,6,6.0,0.03944393517605711,9,5,5,1,1
1,調節生理機能,4,4.0,0.01237113940937593,9,1,1,1,1
1,證實,4,4.0,0.010112188436879338,9,4,4,1,1
1,貧養菌,1,1.0,0.013635676352263428,9,1,1,1,1
1,購買,11,5.5,0.015234094648948232,9,3,4,2,1
1,身心,9,9.0,0.019289812249522646,9,1,1,1,1
1,輔料,9,9.0,0.0364941126476082,9,1,1,1,1
1,輔菌,7,7.0,0.04324436412686581,9,2,2,1,1
1,迷思,5,5.0,0.034094970281716964,9,2,2,1,1
1,過敏,9,9.0,0.01378580269958754,9,4,5,1,1
1,過敏性鼻炎,7,7.0,0.021365766599639284,9,2,2,1,1
1,過敏益生菌,4,4.0,0.014216051569499375,9,1,1,1,1
1,達到,4,4.0,0.023078767506812082,9,2,2,1,1
1,適合,18,6.0,0.010365936060926088,9,5,9,3,1
1,選擇,26,13.0,0.012109623575148139,9,6,9,2,1
1,配方,8,8.0,0.0047170703708372275,9,3,3,1,1
1,配方時代,6,6.0,0.03821630924801181,9,1,1,1,1
1,酵母菌,3,1.5,0.006009270468178,9,8,16,2,1
1,酵素,27,6.75,0.012024045868452486,9,5,8,4,1
1,酸奶,10,10.0,0.02274611098525441,9,1,1,1,1
1,醫師,8,4.0,0.01737463332568627,9,4,6,2,1
1,醫療,4,4.0,0.016121697915110537,9,3,3,1,1
1,重要,4,4.0,0.002192548138739681,9,4,5,1,1
1,重要性,5,5.0,0.02622792297392094,9,1,1,1,1
1,針對,14,4.666666666666667,0.021964834510296866,9,2,4,3,1
1,鏈菌,1,1.0,0.012392846155131648,9,1,1,1,1
1,長期,4,4.0,0.01982917897145671,9,2,2,1,1
1,開發,4,4.0,0.007330800548000629,9,2,2,1,1
1,防護力,13,6.5,0.06836774680839847,9,1,2,2,1
1,雙歧桿菌屬,4,1.3333333333333333,0.014678909770343779,9,4,6,3,1
1,雷特氏B菌,13,4.333333333333333,0.02252825054017875,9,6,11,3,1
1,需求,8,8.0,0.00658308656776471,9,2,2,1,1
1,需要,6,6.0,0.0037652948638742783,9,8,14,1,1
1,順暢,13,13.0,0.02536307331542253,9,2,2,1,1
1,類型,7,7.0,0.011065820495953444,9,1,1,1,1
1,顯示,5,5.0,0.006042328520160948,9,2,2,1,1
1,食品,7,7.0,0.009273210730336087,9,8,10,1,1
1,食物,28,5.6,0.007232376586470903,9,9,20,5,1
1,食用,25,6.25,0.012216035963529995,9,8,18,4,1
1,飲食,7,7.0,0.02198625227578076,9,7,8,1,1
1,體溫,7,7.0,0.03646574585700107,9,1,1,1,1
1,體質,44,11.0,0.027116291893797398,9,7,11,4,1
1,高劑量,4,4.0,0.011185757428773486,9,1,1,1,1
1,高菌,1,1.0,0.006891764196035085,9,5,6,1,1
1,魚油,9,9.0,0.024844305341001224,9,1,1,1,1
1,鳳梨,4,4.0,0.007287292004650815,9,2,2,1,1
1,鼠李糖乳桿菌,13,3.25,0.01706098453597337,9,8,16,4,1
1,龍根菌,18,6.0,0.021605378369390277,9,4,8,3,1
2,2018,4,4.0,0.002741868388195487,7,2,2,1,1
2,A菌嗜乳酸桿菌,1,1.0,0.005770967283189236,7,2,2,1,2
2,B菌比菲德氏菌,1,1.0,0.0052155377331888995,7,3,3,1,2
2,C菌凱氏乳酸菌,1,1.0,0.006527119467810772,7,2,2,1,2
2,LGG菌鼠李糖乳桿菌,1,1.0,0.0060590571800237004,7,3,3,1,2
2,LP28,5,5.0,0.021220758606117,7,2,2,1,2
2,LP菌副凱氏乳酸桿菌,1,1.0,0.0071715329693462955,7,1,1,1,2
2,Lactobacillus,9,4.5,0.021346665540658352,7,7,16,2,1
2,NG,17,8.5,0.07458939042107496,7,1,2,2,2
2,sol,29,29.0,0.08240007468363837,7,1,1,1,2
2,中醫,7,7.0,0.012973503868083871,7,1,1,1,2
2,主要,8,8.0,0.010833808676750064,7,3,3,1,1
2,乳桿菌,1,1.0,0.00340005626439883,7,8,11,1,1
2,乳桿菌屬,1,1.0,0.010254908389731074,7,3,4,1,1
2,乳酸桿菌,2,1.0,0.004967133354377876,7,8,18,2,1
2,乳酸菌,14,3.5,0.010628719633099859,7,10,43,4,1
2,乾酪乳桿菌,6,3.0,0.02092066445983587,7,6,9,2,1
2,人體,15,5.0,0.012919147570382825,7,9,16,3,1
2,今日,9,9.0,0.010401697723245212,7,1,1,1,2
2,介紹,5,5.0,0.005158144997518415,7,2,2,1,1
2,使用,8,4.0,0.00100294278873144,7,7,19,2,1
2,便秘,4,4.0,0.0041558303884360335,7,3,3,1,1
2,保健,9,9.0,0.003157554254274204,7,5,5,1,1
2,保養,9,4.5,0.008317100062903085,7,4,6,2,1
2,健康,75,15.0,0.0010434523323461405,7,10,39,5,1
2,健康益生菌,4,2.0,0.011376277621309556,7,3,4,2,2
2,健身,4,4.0,0.0019749128774501426,7,1,1,1,2
2,優質,4,4.0,0.006857916258791489,7,2,2,1,2
2,免疫系統,4,4.0,0.0496544353806928,7,3,3,1,2
2,內容,4,4.0,0.0026705517756585016,7,2,2,1,1
2,全美,5,5.0,0.02846608623421156,7,1,1,1,2
2,公開,4,4.0,0.00743629865864961,7,1,1,1,2
2,具備,6,6.0,0.017498924959027155,7,2,2,1,1
2,具有,5,5.0,0.007461154513472211,7,5,6,1,1
2,刷牙,4,4.0,0.007482695144620829,7,1,1,1,2
2,副乾酪乳桿菌,2,2.0,0.01648352613366603,7,8,13,1,1
2,功效,60,20.0,0.0278817300807833,7,9,16,3,1
2,功能,4,4.0,0.003439649379448048,7,6,8,1,1
2,化學,4,4.0,0.009723954052345746,7,1,1,1,2
2,原因,4,4.0,0.002519235777978735,7,3,3,1,1
2,參考,4,4.0,0.007217503609925391,7,3,3,1,1
2,口腔,6,6.0,0.0051750239823348644,7,2,2,1,2
2,口臭,4,4.0,0.008219274052170114,7,1,1,1,2
2,吃法,17,8.5,0.06879635544253408,7,1,2,2,2
2,吃益生菌,23,3.8333333333333335,0.01851867860925998,7,10,31,6,1
2,各菌數,1,1.0,0.0105490417155198,7,1,1,1,2
2,咖啡,4,4.0,0.004623125804738973,7,1,1,1,2
2,品牌,8,8.0,0.002890244752368027,7,5,6,1,1
2,哈啾,4,4.0,0.031953316659350584,7,1,1,1,2
2,問題,4,4.0,0.0030160341499763173,7,7,9,1,1
2,啤酒酵母,4,4.0,0.024397477227038392,7,1,1,1,2
2,嗜酸乳桿菌,11,5.5,0.03173027606137134,7,10,20,2,1
2,增加,12,4.0,0.005319692500098244,7,6,10,3,2
2,壞菌,15,2.5,0.02015837802711864,7,9,34,6,1
2,女性,4,4.0,0.005634488570783725,7,4,4,1,1
2,好菌,21,4.2,0.01780891019938661,7,10,36,5,1
2,存活率,4,4.0,0.01155174219290561,7,2,2,1,2
2,安心,4,4.0,0.005689378230677826,7,1,1,1,2
2,定時,4,4.0,0.019734335671064817,7,1,1,1,2
2,定殖,10,10.0,0.031149203455417843,7,6,6,1,1
2,寡糖,4,4.0,0.01126134561090278,7,7,8,1,1
2,實證,5,5.0,0.01912703943589393,7,1,1,1,2
2,專利,8,8.0,0.029123842441867283,7,7,10,1,1
2,專家,4,4.0,0.008202601194070213,7,1,1,1,2
2,專業,4,4.0,0.0056160727505645425,7,1,1,1,2
2,屎腸球菌,2,1.0,0.004902233666130695,7,7,9,2,1
2,市面上,4,4.0,0.01575744608509163,7,4,4,1,1
2,幫助,8,8.0,0.021729089447365263,7,8,18,1,1
2,建議,21,7.0,0.019705453086433938,7,8,18,3,1
2,影片,17,17.0,0.029981949806307088,7,1,1,1,2
2,影音,6,6.0,0.006103401949821346,7,1,1,1,2
2,微生物,5,5.0,0.008697666629777844,7,6,11,1,1
2,想要,4,4.0,0.0059689236107777705,7,3,3,1,2
2,成分,4,4.0,0.005541019799495322,7,7,7,1,1
2,抗生素,4,4.0,0.01582342728580014,7,7,8,1,1
2,抗細菌,1,1.0,0.02122810177684073,7,2,2,1,2
2,抗過敏益生菌,2,2.0,0.010624335035011291,7,1,1,1,2
2,挑選,13,13.0,0.028092314885742396,7,7,11,1,1
2,推薦,40,10.0,0.010142942902152669,7,9,24,4,1
2,推薦益生菌,1,1.0,0.0049964712585314226,7,1,1,1,2
2,提供,4,4.0,0.001549704656006458,7,3,4,1,2
2,搭配,6,6.0,0.005217383567580179,7,2,3,1,1
2,擁有,5,5.0,0.01800422004606101,7,2,2,1,1
2,攝取,5,5.0,0.052931661144533335,7,6,6,1,2
2,改善,11,5.5,0.0049800679113613504,7,7,12,2,1
2,改變,4,4.0,0.01655801373797616,7,3,3,1,2
2,放線菌,1,1.0,0.004463777016796684,7,1,1,1,2
2,整理,4,4.0,0.004258032714667336,7,2,2,1,2
2,數量,10,5.0,0.010735386563018,7,5,7,2,2
2,文章,20,20.0,0.00568006397303094,7,4,5,1,1
2,新生,4,4.0,0.008040937547169277,7,1,1,1,2
2,方法,5,5.0,0.002843307755912723,7,2,2,1,2
2,族群,8,8.0,0.019174163064076603,7,2,3,1,1
2,日本,6,6.0,0.004840675486433436,7,5,5,1,1
2,早安,5,5.0,0.012457197026495136,7,1,1,1,2
2,時間,8,4.0,0.0053827562722880366,7,5,7,2,1
2,更多,20,20.0,0.006737329360883149,7,3,3,1,1
2,最好,14,7.0,0.014642818960089938,7,2,3,2,2
2,有助,14,14.0,0.02101169528362129,7,3,3,1,1
2,有益,7,7.0,0.010747840976236923,7,4,4,1,2
2,有益菌,2,2.0,0.008634835618716086,7,9,14,1,1
2,有益菌數,3,3.0,0.016458380538819924,7,3,3,1,1
2,服用,4,4.0,0.024789890470706625,7,7,9,1,1
2,期刊,5,5.0,0.013137381794294205,7,2,2,1,2
2,植物乳桿菌,10,5.0,0.037152166860912335,7,7,10,2,1
2,每天,8,8.0,0.011039873271940656,7,5,5,1,1
2,比菲德氏菌,7,7.0,0.048875083748424385,7,9,17,1,1
2,比菲德氏龍根菌,2,2.0,0.017636233718350044,7,4,6,1,1
2,比較,10,5.0,0.010093704605501177,7,6,8,2,1
2,注意,4,4.0,0.00986743103922057,7,5,6,1,1
2,活菌,3,1.5,0.009160658871346811,7,10,25,2,1
2,消化道,4,4.0,0.018799072270729158,7,5,5,1,1
2,消除,7,7.0,0.01153589917746368,7,1,1,1,2
2,添加,4,4.0,0.0029061008737216423,7,7,13,1,1
2,清潔,4,4.0,0.004717884854316111,7,3,3,1,2
2,減肥,7,7.0,0.011859691681107136,7,2,2,1,2
2,熱門,11,11.0,0.012462068890142576,7,1,1,1,2
2,營養,16,5.333333333333333,0.004620056075430469,7,6,9,3,1
2,營養師,9,9.0,0.021391641098726443,7,4,5,1,1
2,營養素,4,4.0,0.00849154023323708,7,2,2,1,2
2,球菌,2,2.0,0.005398566789175995,7,9,17,1,1
2,環境,26,13.0,0.04332867104979188,7,8,14,2,1
2,生態,4,4.0,0.017093661610916234,7,2,2,1,2
2,生活,9,9.0,0.0019124597033303961,7,4,4,1,2
2,生長,4,4.0,0.017547371113229883,7,4,6,1,2
2,產品,13,6.5,0.0645748105404851,7,10,27,2,1
2,留意,5,5.0,0.013086236630599594,7,1,1,1,2
2,疾病,11,11.0,0.009355688715033523,7,3,3,1,2
2,症狀,7,7.0,0.013812325328532752,7,4,4,1,1
2,痠痛,4,4.0,0.01144893206201408,7,1,1,1,2
2,瘦身,7,7.0,0.007661700157814195,7,1,1,1,2
2,癌症,4,4.0,0.007175228726296837,7,2,2,1,2
2,發揮,9,9.0,0.021406103670998242,7,2,2,1,1
2,發炎,4,4.0,0.009590119795599593,7,2,2,1,2
2,益生,1,1.0,-3.06423969565095e-06,7,6,8,1,2
2,益生元,2,1.0,0.006541238271779854,7,8,15,2,1
2,益生菌,268,44.666666666666664,0.0006293229824742126,7,10,58,6,1
2,益生菌何時吃,1,1.0,0.012051522928332038,7,2,2,1,2
2,益生菌功效,2,2.0,0.009114855934525814,7,4,6,1,1
2,益生菌吃法,3,1.5,0.03119264061278263,7,1,2,2,2
2,益生菌品牌,2,2.0,0.007587189416403053,7,6,8,1,1
2,益生菌好處,7,3.5,0.03122615460871809,7,2,3,2,1
2,益生菌怎麼吃,9,2.25,0.02357100471562759,7,3,7,4,1
2,益生菌推薦,16,16.0,0.0594688425067057,7,5,9,1,1
2,益生菌推薦ptt,1,1.0,0.005399397927743579,7,1,1,1,2
2,益生菌種類,8,2.6666666666666665,0.03895580392771475,7,6,9,3,1
2,益生質,12,4.0,0.02207140670596812,7,8,23,3,1
2,益菌,14,3.5,0.012847580473495088,7,10,32,4,1
2,相關,8,8.0,0.006030368206170832,7,7,7,1,1
2,知識,4,4.0,0.007280596700594563,7,2,2,1,2
2,知道,9,9.0,0.009082278091126716,7,2,3,1,1
2,研究,24,8.0,0.007855215562374831,7,8,16,3,1
2,私密,4,4.0,0.01217472774032646,7,3,4,1,1
2,秘訣,4,4.0,0.009946169919229768,7,1,1,1,2
2,穴道,4,4.0,0.013445048435949172,7,1,1,1,2
2,精選,10,10.0,0.015509774132668052,7,1,1,1,2
2,糖尿病,4,4.0,0.005372541266736044,7,2,2,1,2
2,糞腸球菌,3,1.5,0.00791675073518752,7,7,10,2,1
2,細菌,12,3.0,0.01024097829086839,7,9,34,4,1
2,編號,9,4.5,0.013074945173701192,7,3,4,2,2
2,總菌,1,1.0,0.011289944984574269,7,4,4,1,1
2,總菌數,2,2.0,0.010255500529916008,7,1,1,1,2
2,老師,4,4.0,0.008514137818102549,7,1,1,1,2
2,肝臟,6,6.0,0.09564902876299616,7,2,2,1,2
2,胚芽乳酸桿菌,1,1.0,0.00940995539818868,7,2,2,1,2
2,腸胃,10,5.0,0.008512340110474238,7,5,8,2,1
2,腸胃道,4,4.0,0.02747518320038578,7,5,5,1,1
2,腸道,94,18.8,0.0796295420857349,7,10,36,5,1
2,腸道好菌,2,2.0,0.007465287468592124,7,4,6,1,1
2,腸道益生菌,5,1.6666666666666667,0.01762017526761855,7,6,10,3,1
2,腸道菌叢生態,1,1.0,0.009795198680211479,7,3,5,1,1
2,腹瀉,4,4.0,0.0598878391092445,7,4,6,1,1
2,芽孢乳酸菌,1,1.0,0.007918247074908579,7,4,4,1,2
2,菌叢,22,5.5,0.05229033977879574,7,8,26,4,1
2,菌數,19,6.333333333333333,0.031613704623772894,7,10,29,3,1
2,菌株,32,16.0,0.0505386742288806,7,10,35,2,1
2,菌生態,1,1.0,0.02705118715300401,7,1,1,1,2
2,菌種,53,8.833333333333334,0.04740076836672011,7,10,47,6,1
2,菌種平衡,2,2.0,0.011546210064669826,7,6,10,1,1
2,菌群,2,1.0,0.002898480396128292,7,6,8,2,1
2,菌量,1,1.0,0.0035724342783591805,7,6,7,1,1
2,補充,41,13.666666666666666,0.029613414307496755,7,8,17,3,1
2,複合型活性益生菌,1,1.0,0.01029821545395951,7,1,1,1,2
2,調節,4,4.0,0.01666382319620133,7,5,5,1,1
2,身體,8,4.0,0.0060133986064984015,7,6,15,2,2
2,造成,4,4.0,0.007509488713218059,7,4,4,1,2
2,運動,21,21.0,0.01945220272194393,7,3,3,1,2
2,適合,5,5.0,0.009401235691315492,7,5,9,1,1
2,選擇,12,12.0,0.013637210614490624,7,6,9,1,1
2,酪酸梭菌,1,1.0,0.00432425762543801,7,1,1,1,2
2,酵母菌,1,1.0,0.0030278113054879523,7,8,16,1,1
2,醫學,12,6.0,0.012037948551370699,7,2,3,2,2
2,醫師,50,25.0,0.04724015116007034,7,4,6,2,1
2,醫療,4,4.0,0.0044436766870962095,7,3,3,1,1
2,重要,4,4.0,0.0024808790121182474,7,4,5,1,1
2,錢政弘,4,4.0,0.02041939373696034,7,1,1,1,2
2,關心,4,4.0,0.0100674716461907,7,1,1,1,2
2,關鍵,4,4.0,0.006857916258791489,7,1,1,1,2
2,降低,5,5.0,0.00674822657864303,7,5,6,1,2
2,雙歧桿菌,2,1.0,0.0034034695592180283,7,7,18,2,2
2,需要,6,6.0,0.005762798770438882,7,8,14,1,1
2,食品,5,5.0,0.001825718293884022,7,8,10,1,1
2,食材,9,9.0,0.009078826838192451,7,1,1,1,2
2,食物,16,8.0,0.00559724487137034,7,9,20,2,1
2,食用,29,5.8,0.008723771094669907,7,8,18,5,1
2,飲食,22,22.0,0.0284662450807417,7,7,8,1,1
2,養生,8,8.0,0.012062072867568559,7,1,1,1,2
2,體內,19,6.333333333333333,0.02394050857191723,7,4,6,3,2
2,體質,4,4.0,0.009054499952646244,7,7,11,1,1
2,高溫,4,4.0,0.01655801373797616,7,1,1,1,2
2,鼠李糖乳桿菌,5,2.5,0.017622501648373732,7,8,16,2,1
2,龍根菌,2,2.0,0.014597244996187959,7,4,8,1,1
3,14,4,4.0,0.0013483219000362293,3,1,1,1,3
3,20,11,5.5,0.0011062424942479047,3,2,3,2,3
3,300億益生菌,1,1.0,0.002666424764567531,3,2,2,1,3
3,DL,6,6.0,0.007250041878755614,3,1,1,1,3
3,Dr.Hsu好康益菌,1,1.0,0.0032472439658234385,3,1,1,1,3
3,InSeed,4,4.0,0.011465738483847764,3,1,1,1,3
3,LGG,10,10.0,0.0185137152881876,3,4,6,1,1
3,LJ菌,2,2.0,0.0069376772841849964,3,3,3,1,1
3,LP,28,28.0,0.04016006557514405,3,2,3,1,1
3,LP110特益菌,1,1.0,0.0030525513965030324,3,1,1,1,3
3,LP33,5,5.0,0.009685433720314609,3,2,2,1,1
3,YOYO敏立清益生菌,3,3.0,0.010812127351051349,3,1,1,1,3
3,iPhone,11,11.0,0.015023362954248316,3,1,1,1,3
3,一家人益生菌,4,2.0,0.004566358949662395,3,3,4,2,3
3,上衣,8,8.0,0.007686296014126128,3,1,1,1,3
3,不宜,5,5.0,0.005856145340321224,3,1,1,1,3
3,乳桿菌,10,10.0,0.01656348067137765,3,8,11,1,1
3,乳糖,8,8.0,0.008554122890328211,3,1,1,1,3
3,乳糖不耐,5,5.0,0.007751729035846888,3,1,1,1,3
3,乳酸,5,5.0,0.004318894819220943,3,3,3,1,3
3,乳酸乳球菌,1,1.0,0.002437710464826145,3,3,3,1,1
3,乳酸杆菌,1,1.0,0.0017180558717952476,3,1,1,1,3
3,乳酸桿菌,7,7.0,0.012206535268562902,3,8,18,1,1
3,乳酸菌,22,7.333333333333333,0.007299871787223317,3,10,43,3,1
3,乳鐵蛋白,6,6.0,0.011338142628112464,3,1,1,1,3
3,乾酪乳桿菌,1,1.0,0.002063821358482524,3,6,9,1,1
3,乾酪乳酸桿菌,1,1.0,0.002590705638692028,3,5,6,1,1
3,二氧化矽,15,15.0,0.02852707501794353,3,1,1,1,3
3,二氧化鈦,8,8.0,0.016575647878238776,3,1,1,1,3
3,人可和益生定,1,1.0,0.0032571688510204203,3,1,1,1,3
3,人體,4,4.0,0.0033685398110501084,3,9,16,1,1
3,休閒,11,11.0,0.011712453676158292,3,1,1,1,3
3,伺機性病原菌,4,4.0,0.05010659106625391,3,1,1,1,3
3,伺機菌,2,2.0,0.006441785816968832,3,1,1,1,3
3,低溫,4,4.0,0.004591348037363936,3,1,1,1,3
3,作者,4,4.0,0.004427449970819211,3,1,1,1,3
3,使用,8,8.0,0.0010520477758195015,3,7,19,1,1
3,便秘,4,4.0,0.002360523050368943,3,3,3,1,1
3,保健,7,7.0,0.0020700770872228665,3,5,5,1,1
3,保健食品,15,7.5,0.005410716721693323,3,1,2,2,3
3,保加利亞菌,1,1.0,0.003277925233137292,3,1,1,1,3
3,保存,5,5.0,0.0028970564329316158,3,5,5,1,1
3,保活菌,1,1.0,0.0033285660551953325,3,1,1,1,3
3,保養,13,13.0,0.013725835750196595,3,4,6,1,1
3,修繕,4,4.0,0.007859896293460561,3,1,1,1,3
3,健康,32,10.666666666666666,0.00044391367161284064,3,10,39,3,1
3,健康益生菌,1,1.0,0.0015136991095043985,3,3,4,1,2
3,健身器材,4,4.0,0.005881279558085265,3,1,1,1,3
3,價格,4,4.0,0.002753626616277139,3,2,2,1,1
3,億菌多,1,1.0,0.003978709914016599,3,1,1,1,3
3,優格,31,31.0,0.03862493092418416,3,5,6,1,1
3,優菌,1,1.0,0.0022381996447334,3,1,1,1,3
3,優酪乳,6,6.0,0.0367498337045788,3,4,5,1,1
3,免疫系統,4,4.0,0.004781418316813128,3,3,3,1,2
3,副乾酪乳桿菌,4,4.0,0.009046457302546414,3,8,13,1,1
3,功效,4,4.0,0.007458458093794622,3,9,16,1,1
3,加入,5,5.0,0.0013520572255207699,3,1,1,1,3
3,加氏乳桿菌,2,2.0,0.00610955049543244,3,3,3,1,1
3,包括,6,6.0,0.002526267697655814,3,5,6,1,1
3,原力,7,7.0,0.01687035524201706,3,1,1,1,3
3,原味,4,4.0,0.004377855438387,3,1,1,1,3
3,可溶性,5,5.0,0.008358737826683591,3,3,3,1,1
3,台糖寡醣乳酸菌,1,1.0,0.002460556530904039,3,1,1,1,3
3,吃益生菌,19,9.5,0.03474917031200502,3,10,31,2,1
3,含有,4,4.0,0.0018677453049987301,3,5,5,1,3
3,品牌,6,6.0,0.0010559938432341558,3,5,6,1,1
3,商品,4,4.0,0.0017239136452386948,3,2,2,1,3
3,問題,4,4.0,0.0017131156631246091,3,7,9,1,1
3,嗜熱鏈球菌,5,2.5,0.008432483945109644,3,3,5,2,1
3,嗜酸乳桿菌,2,1.0,0.0044047043802327756,3,10,20,2,1
3,國際,5,5.0,0.003117685447754552,3,3,3,1,3
3,增加,5,5.0,0.007674398872101356,3,6,10,1,2
3,壞菌,13,6.5,0.032372276879147684,3,9,34,2,1
3,外套,14,14.0,0.011470629799542515,3,1,1,1,3
3,多有酵益生菌,1,1.0,0.002412850262842857,3,1,1,1,3
3,大本山益生菌,1,1.0,0.002353259538520336,3,2,2,1,3
3,大腸桿菌,2,2.0,0.004009768519190238,3,4,4,1,1
3,套裝,7,7.0,0.008972849805911695,3,1,1,1,3
3,女性,12,12.0,0.006883414354648344,3,4,4,1,1
3,好欣情,5,5.0,0.017592521699174846,3,1,1,1,3
3,好聰敏益生菌,2,1.0,0.005998800805221242,3,2,3,2,1
3,好菌,18,6.0,0.01908358240650684,3,10,36,3,1
3,威德益生菌,1,1.0,0.009670308946402858,3,1,1,1,3
3,娘家益生菌,1,1.0,0.0020901616801569747,3,3,3,1,3
3,嬰兒,8,8.0,0.0061255182674624905,3,4,4,1,1
3,孕婦,4,4.0,0.003018728622903633,3,1,1,1,3
3,孢子,4,4.0,0.005773058077853682,3,1,1,1,3
3,安全,5,5.0,0.0009307516275171613,3,4,4,1,1
3,家電,11,11.0,0.012453534268267915,3,1,1,1,3
3,容易,12,6.0,0.0051247390612441605,3,4,7,2,3
3,寡糖,20,20.0,0.02742999907280533,3,7,8,1,1
3,寡糖乳酸菌,1,1.0,0.003541511225026719,3,1,1,1,3
3,寵物,15,15.0,0.014194530387372275,3,1,1,1,3
3,專利,16,8.0,0.009442323113446994,3,7,10,2,1
3,小兒利撒爾活菌12,1,1.0,0.002582176866717757,3,1,1,1,3
3,居家,6,6.0,0.003250251089861841,3,1,1,1,3
3,屎腸球菌,2,1.0,0.006017666279734964,3,7,9,2,1
3,工具,6,6.0,0.0031928043812645165,3,1,1,1,3
3,工廠,43,43.0,0.0498608257520063,3,1,1,1,3
3,幫助,13,6.5,0.009840172589580382,3,8,18,2,1
3,幽門螺旋桿菌,1,1.0,0.008672891684145164,3,2,2,1,3
3,建議,12,6.0,0.008688081409594667,3,8,18,2,1
3,影響,4,4.0,0.003102481675517413,3,4,5,1,3
3,微生物,4,4.0,0.003389676450166247,3,6,11,1,1
3,悠活,7,7.0,0.016563674518177224,3,1,1,1,3
3,成人,4,4.0,0.0017257068582561981,3,2,2,1,3
3,成分,4,4.0,0.0015205059470352012,3,7,7,1,1
3,戶外,14,14.0,0.017387912948835276,3,1,1,1,3
3,打造,4,4.0,0.006815195606136242,3,2,2,1,3
3,抑菌,2,2.0,0.002337905526406901,3,4,5,1,3
3,抗生素,5,5.0,0.01880653242984443,3,7,8,1,1
3,抗菌,1,1.0,0.0026820112674186963,3,4,4,1,3
3,抗過敏,15,15.0,0.02685868296054297,3,1,1,1,3
3,掃除,5,5.0,0.01134453304149568,3,1,1,1,3
3,排便,4,4.0,0.003800564257605925,3,2,2,1,1
3,推薦,6,3.0,0.0028441268673137033,3,9,24,2,1
3,收納,12,12.0,0.012930568186550584,3,1,1,1,3
3,改善,6,6.0,0.0079101994570451,3,7,12,1,1
3,效果,14,7.0,0.003262134995207008,3,7,11,2,3
3,敏光益生菌,1,1.0,0.0025046159656740854,3,1,1,1,3
3,數量,6,6.0,0.004283283793222001,3,5,7,1,2
3,旅行,5,5.0,0.003112764662722823,3,3,3,1,3
3,日本,9,9.0,0.001992487700222601,3,5,5,1,1
3,日用,4,4.0,0.0032551946904247147,3,1,1,1,3
3,時間,7,7.0,0.0031801727820346464,3,5,7,1,1
3,景岳生技,10,10.0,0.018106520650166047,3,1,1,1,3
3,晶球益生菌,1,1.0,0.003082326942969218,3,1,1,1,3
3,有效,4,4.0,0.001688275126154234,3,5,7,1,1
3,有益菌,1,1.0,0.0011847384944487125,3,9,14,1,1
3,服飾,9,9.0,0.008713685274065642,3,1,1,1,3
3,木寡糖,9,9.0,0.016217143760857446,3,2,2,1,3
3,木寡糖乳酸菌,1,1.0,0.0025738552752428588,3,1,1,1,3
3,果汁,16,16.0,0.010601923502878871,3,1,1,1,3
3,果酸,16,16.0,0.025984623901373315,3,1,1,1,3
3,桿菌,2,1.0,0.0029514959564036205,3,4,9,2,1
3,梭菌,2,2.0,0.003208154297978973,3,3,4,1,1
3,植敏菌,2,2.0,0.00794435720112943,3,1,1,1,3
3,植物乳桿菌,10,10.0,0.02234109174043769,3,7,10,1,1
3,植物乳酸菌,3,3.0,0.0071084102910193596,3,3,3,1,3
3,機能,7,7.0,0.00878451395737072,3,2,2,1,1
3,檸檬酸,26,26.0,0.03864322612660722,3,1,1,1,3
3,死菌,4,4.0,0.00751483755368162,3,5,6,1,1
3,殺菌,2,2.0,0.0027783168139545226,3,1,1,1,3
3,每日,102,102.0,0.05338373438264207,3,3,4,1,3
3,比菲德氏菌,4,2.0,0.008968559131758043,3,9,17,2,1
3,比較,8,8.0,0.0058089363076270426,3,6,8,1,1
3,氏菌,2,2.0,0.0035867509065579685,3,1,1,1,3
3,氧化,4,4.0,0.002780673517743818,3,1,1,1,3
3,水果,4,4.0,0.0011970525233222051,3,1,1,1,3
3,水蜜桃,4,4.0,0.0051606896830496615,3,1,1,1,3
3,沙門氏菌,1,1.0,0.0022797081289708827,3,2,2,1,3
3,洗衣,4,4.0,0.0036632692148011545,3,1,1,1,3
3,活菌,10,5.0,0.005900075980678633,3,10,25,2,1
3,活菌會,1,1.0,0.002500167061174777,3,1,1,1,3
3,消化,7,7.0,0.002673624248509274,3,5,7,1,1
3,消費者,8,8.0,0.005973220003421544,3,3,3,1,3
3,添加物,17,17.0,0.02354280213333048,3,4,5,1,1
3,清淨,4,4.0,0.007116023973236401,3,1,1,1,3
3,清潔,12,12.0,0.011930228401305714,3,3,3,1,2
3,減少,4,4.0,0.014916432600761538,3,4,6,1,3
3,減肥,4,4.0,0.014169244321582153,3,2,2,1,2
3,片菌,1,1.0,0.0033187842892865253,3,1,1,1,3
3,玉米,4,4.0,0.002965608337296959,3,3,3,1,1
3,球菌,23,11.5,0.016884772593175824,3,9,17,2,1
3,環境,5,5.0,0.004424485995231229,3,8,14,1,1
3,甜味,10,10.0,0.012277122486729705,3,2,2,1,1
3,生技,16,16.0,0.017190262130094513,3,1,1,1,3
3,生活,12,12.0,0.0021493700648173505,3,4,4,1,2
3,產品,19,19.0,0.009917888046428132,3,10,27,1,1
3,用具,7,7.0,0.004701814853062571,3,1,1,1,3
3,用品,20,20.0,0.008661111765646797,3,1,1,1,3
3,異麥芽寡糖,9,9.0,0.01956320755993276,3,1,1,1,3
3,疑慮,5,5.0,0.007836684048025972,3,1,1,1,3
3,登山,4,4.0,0.004907568133411528,3,1,1,1,3
3,發酵,12,12.0,0.054087803201329394,3,5,6,1,3
3,白色念珠菌,2,2.0,0.01600880433262266,3,2,2,1,1
3,益生,3,1.5,-4.240136600510226e-06,3,6,8,2,2
3,益生元,1,1.0,0.003445599141818552,3,8,15,1,1
3,益生菌,179,59.666666666666664,0.0008076559423389041,3,10,58,3,1
3,益生菌何時吃,3,3.0,0.03437647523819303,3,2,2,1,2
3,益生菌功效,3,3.0,0.02451700845944964,3,4,6,1,1
3,益生菌種類,3,1.5,0.006956171889814419,3,6,9,2,1
3,益生菌膠囊,1,1.0,0.002404992141158277,3,4,4,1,3
3,益菌,13,4.333333333333333,0.00948628172714691,3,10,32,3,1
3,直銷,6,6.0,0.01041946956946762,3,1,1,1,3
3,相關,4,4.0,0.002179761969795353,3,7,7,1,1
3,短袖,5,5.0,0.006368067984073421,3,1,1,1,3
3,硬脂酸鎂,16,16.0,0.031181096814199213,3,1,1,1,3
3,禁止,5,5.0,0.0021309816889562767,3,1,1,1,3
3,穩定,4,4.0,0.0036127989845401508,3,1,1,1,3
3,粒膠,5,5.0,0.01636836064883315,3,1,1,1,3
3,糞腸球菌,5,2.5,0.010366146792487591,3,7,10,2,1
3,系列,7,7.0,0.0028433911681040205,3,1,1,1,3
3,納豆菌,1,1.0,0.0019111806149289762,3,2,2,1,3
3,細菌,9,4.5,0.006716415692333371,3,9,34,2,1
3,組合,4,4.0,0.0043175976109746375,3,2,2,1,3
3,統一,5,5.0,0.005545748617204997,3,1,1,1,3
3,綜合,42,21.0,0.01488166389251158,3,1,2,2,3
3,綜合菌,3,3.0,0.010209282301012168,3,1,1,1,3
3,維生素,13,13.0,0.012138994438236593,3,3,3,1,1
3,纖維,7,7.0,0.00605952133635234,3,3,3,1,1
3,羅伊氏乳桿菌,3,3.0,0.0075341986885874394,3,1,1,1,3
3,美容,10,10.0,0.00463064032392146,3,3,3,1,3
3,老行家全家益生菌,1,1.0,0.002876931082691244,3,1,1,1,3
3,耐酸,4,4.0,0.007851213164691192,3,2,3,1,1
3,胃酸,7,7.0,0.008666718333076051,3,5,7,1,1
3,背包,5,5.0,0.007215217463978128,3,1,1,1,3
3,背心,7,7.0,0.007453379612100732,3,1,1,1,3
3,胡蘿蔔,7,7.0,0.010053838187806648,3,1,1,1,3
3,腸內細菌,5,5.0,0.044831747737552,3,2,2,1,3
3,腸道,34,17.0,0.04512498985916379,3,10,36,2,1
3,膠囊,7,7.0,0.005810792865457511,3,3,3,1,3
3,臉部,4,4.0,0.00739261074932333,3,1,1,1,3
3,至少,4,4.0,0.003313719236050853,3,1,1,1,3
3,致病菌,3,3.0,0.003407048866185784,3,5,6,1,1
3,舒敏,4,4.0,0.005698330126549425,3,1,1,1,3
3,舒暢,4,4.0,0.008490611434751761,3,1,1,1,3
3,色素,7,7.0,0.0071118024571351374,3,1,1,1,3
3,花費菌,2,2.0,0.009525265522988042,3,1,1,1,3
3,芽孢,5,5.0,0.007156737096741478,3,1,1,1,3
3,芽孢乳酸菌,3,3.0,0.006518515834534195,3,4,4,1,2
3,芽孢桿菌,1,1.0,0.0020962251364823573,3,4,4,1,1
3,茶具,4,4.0,0.0048201944366788475,3,1,1,1,3
3,茶菌,1,1.0,0.01168184653044915,3,2,2,1,3
3,草莓,7,7.0,0.005254506622167384,3,1,1,1,3
3,草菌,1,1.0,0.0028925489490580136,3,1,1,1,3
3,菊糖,4,4.0,0.007560250418618906,3,1,1,1,3
3,菊苣纖維,9,9.0,0.018946596469734248,3,2,2,1,3
3,菌叢,3,1.5,0.005632042089334783,3,8,26,2,1
3,菌數,15,7.5,0.01706865434291953,3,10,29,2,1
3,菌果,2,2.0,0.004798829138107324,3,1,1,1,3
3,菌株,13,4.333333333333333,0.007073942786042152,3,10,35,3,1
3,菌種,13,4.333333333333333,0.014047923681963788,3,10,47,3,1
3,菌粉,26,13.0,0.016776374082872008,3,3,4,2,3
3,菌素,1,1.0,0.0017271919010086625,3,1,1,1,3
3,菌芽胞,1,1.0,0.00311699019606884,3,1,1,1,3
3,菌芽胞菌,1,1.0,0.003754777479698537,3,1,1,1,3
3,菌量,2,2.0,0.004058304921904434,3,6,7,1,1
3,菌類,1,1.0,0.0021779773255394125,3,2,2,1,3
3,菌體,2,2.0,0.004802130990927793,3,1,1,1,3
3,萃取,22,22.0,0.019644046378214125,3,3,3,1,1
3,葉黃素,4,4.0,0.0063072234620138974,3,1,1,1,3
3,葡萄,4,4.0,0.002408250878359217,3,1,1,1,3
3,葡萄王,4,4.0,0.004923838003229086,3,1,1,1,3
3,葡萄糖,8,8.0,0.0061367275407169615,3,1,1,1,3
3,蔗糖,11,11.0,0.013422782175442008,3,1,1,1,3
3,蔬果,4,4.0,0.002865172792803316,3,2,2,1,3
3,藥品,5,5.0,0.005036854615460097,3,2,2,1,1
3,說明,9,9.0,0.00482406872672906,3,2,2,1,3
3,證據,12,12.0,0.01944756235008564,3,1,1,1,3
3,賀氏菌,1,1.0,0.0036408630883103922,3,1,1,1,3
3,購買,59,59.0,0.05233639840720882,3,3,4,1,1
3,身體,10,5.0,0.0033153057126341255,3,6,15,2,2
3,軟糖,4,4.0,0.007590472959386806,3,1,1,1,3
3,運動,28,28.0,0.021861889247912585,3,3,3,1,2
3,適合,5,5.0,0.004579841436468185,3,5,9,1,1
3,選擇,7,7.0,0.0038753224408084883,3,6,9,1,1
3,配件,9,9.0,0.003982584268686372,3,1,1,1,3
3,配方,5,5.0,0.0019280762542669288,3,3,3,1,1
3,酪酸,7,7.0,0.014030548138230629,3,1,1,1,3
3,酵母菌,1,1.0,0.0014750077685521984,3,8,16,1,1
3,酵素,23,23.0,0.015005741520459963,3,5,8,1,1
3,醫師,5,5.0,0.005296189167298585,3,4,6,1,1
3,重點,4,4.0,0.004338098417449348,3,1,1,1,3
3,金黃色葡萄球菌,1,1.0,0.002041673293867645,3,2,2,1,3
3,針織,4,4.0,0.007029721739926614,3,1,1,1,3
3,防水,4,4.0,0.0036849029623876157,3,1,1,1,3
3,降低,4,4.0,0.009680684181417794,3,5,6,1,2
3,陽明,5,5.0,0.007779581818939486,3,1,1,1,3
3,陽明生,4,4.0,0.007477876526387724,3,1,1,1,3
3,雙歧桿菌,5,2.5,0.009248286632373641,3,7,18,2,2
3,雙歧桿菌屬,1,1.0,0.002834529008045275,3,4,6,1,1
3,雨具,5,5.0,0.007049979072160456,3,1,1,1,3
3,零食,12,12.0,0.00616943569496755,3,1,1,1,3
3,雷曼氏桿菌,1,1.0,0.012922001422903895,3,1,1,1,3
3,雷特氏B菌,1,1.0,0.0022371724391531734,3,6,11,1,1
3,電扇,4,4.0,0.00898523172474497,3,1,1,1,3
3,電暖器,5,5.0,0.009042484821742509,3,1,1,1,3
3,電視,5,5.0,0.005520554921413073,3,1,1,1,3
3,需要,6,6.0,0.001488574947896854,3,8,14,1,1
3,順暢,4,4.0,0.006383666648080225,3,2,2,1,1
3,食品,14,7.0,0.0018031478617981998,3,8,10,2,1
3,食物,11,11.0,0.010045534468688543,3,9,20,1,1
3,食用,8,4.0,0.0034789995433973575,3,8,18,2,1
3,飲食,4,4.0,0.010821284957897451,3,7,8,1,1
3,飼料,10,10.0,0.01446851660623851,3,2,2,1,3
3,香料,44,44.0,0.04646221820364905,3,2,2,1,3
3,香料粉,6,6.0,0.01510992121451285,3,1,1,1,3
3,香氛,5,5.0,0.007158936046755006,3,1,1,1,3
3,香水,5,5.0,0.0030530393502713683,3,1,1,1,3
3,體質,4,4.0,0.016236442538036522,3,7,11,1,1
3,高菌數,1,1.0,0.002954024096329445,3,3,3,1,3
3,鳳梨,7,7.0,0.008340192108440291,3,2,2,1,1
3,黃色,8,8.0,0.009220498897163249,3,1,1,1,3
3,黴菌,1,1.0,0.0017905788640361978,3,4,7,1,3
3,鼠李糖乳桿菌,20,20.0,0.04238847521290056,3,8,16,1,1
3,鼠李糖乳酸桿菌,2,2.0,0.005198904342753725,3,6,9,1,3
3,龍根菌,22,11.0,0.024715610743044333,3,4,8,2,1
4,NCFM,4,4.0,0.05379821638390738,3,2,2,1,1
4,TKLAB,4,4.0,0.05970664637896461,3,1,1,1,4
4,一家人益生菌,2,2.0,0.019372036134764275,3,3,4,1,3
4,乳酸菌,17,5.666666666666667,0.021403866140342453,3,10,43,3,1
4,乳酸菌粉,1,1.0,0.01034677718839506,3,2,2,1,4
4,了解,7,7.0,0.011893619291760915,3,2,3,1,1
4,來源,7,7.0,0.03595974822225596,3,5,7,1,1
4,便祕,5,5.0,0.0585859935279579,3,2,2,1,1
4,健康,6,6.0,0.0010322535519685346,3,10,39,1,1
4,優格,5,5.0,0.03380086742046216,3,5,6,1,1
4,免費,4,4.0,0.019443186530454563,3,1,1,1,4
4,內菌,1,1.0,0.016346435192651044,3,3,3,1,4
4,功效,11,5.5,0.014878072658352424,3,9,16,2,1
4,功能,7,7.0,0.011452561799623043,3,6,8,1,1
4,可溶性,4,4.0,0.035233437857168814,3,3,3,1,1
4,吃益生菌,14,4.666666666666667,0.03353362677172716,3,10,31,3,1
4,味道,4,4.0,0.012544189793954334,3,1,1,1,4
4,嗜酸乳桿菌,1,1.0,0.009915995292969508,3,10,20,1,1
4,多元,5,5.0,0.028534251688786986,3,1,1,1,4
4,好久,4,4.0,0.02138657187355476,3,1,1,1,4
4,好菌,2,2.0,0.01441517753957189,3,10,36,1,1
4,娘家益生菌,3,3.0,0.033038891395549864,3,3,3,1,3
4,專利,8,8.0,0.042108660281472365,3,7,10,1,1
4,屎腸球菌,3,3.0,0.04064142245661431,3,7,9,1,1
4,幫助,10,5.0,0.022737191553273868,3,8,18,2,1
4,幫手,4,4.0,0.025223051122633056,3,1,1,1,4
4,平衡,4,4.0,0.014325851740792997,3,4,4,1,4
4,幽門螺旋桿菌,1,1.0,0.016336349419304314,3,2,2,1,3
4,抗菌,1,1.0,0.003839052229355643,3,4,4,1,3
4,挑選,8,8.0,0.04437353153849007,3,7,11,1,1
4,推薦,6,6.0,0.0135229919767872,3,9,24,1,1
4,攝取,4,4.0,0.02691840611365115,3,6,6,1,2
4,效果,7,7.0,0.012807552745173112,3,7,11,1,3
4,文章,5,5.0,0.004376183116768261,3,4,5,1,1
4,有效,5,5.0,0.011449988599545095,3,5,7,1,1
4,有益菌,1,1.0,0.0064279770730405065,3,9,14,1,1
4,有益菌數,1,1.0,0.01408171908917084,3,3,3,1,1
4,服用,5,5.0,0.02517263224757027,3,7,9,1,1
4,標示,4,4.0,0.03202529853185468,3,2,2,1,4
4,死菌,2,2.0,0.026052031851777496,3,5,6,1,1
4,每天,4,4.0,0.007736119374575515,3,5,5,1,1
4,活菌,3,3.0,0.023411779839079012,3,10,25,1,1
4,消化道,4,4.0,0.02634665518983231,3,5,5,1,1
4,添加,15,7.5,0.01415264553790158,3,7,13,2,1
4,無菌,1,1.0,0.014473669990154966,3,3,3,1,4
4,玉米,5,5.0,0.01953206393630376,3,3,3,1,1
4,產品,14,4.666666666666667,0.014681843715188866,3,10,27,3,1
4,男女,4,4.0,0.015161436984925409,3,1,1,1,4
4,病菌,1,1.0,0.0073654601309324184,3,4,5,1,4
4,益生,3,1.5,-1.2031786739422921e-05,3,6,8,2,2
4,益生元,4,4.0,0.020314945126112358,3,8,15,1,1
4,益生菌,122,40.666666666666664,0.001748310482236186,3,10,58,3,1
4,益生菌功效,1,1.0,0.011697946876259665,3,4,6,1,1
4,益生菌品牌,1,1.0,0.009737349593975759,3,6,8,1,1
4,益生菌怎麼吃,2,2.0,0.02840485506239789,3,3,7,1,1
4,益生菌推薦,4,4.0,0.03816096301648714,3,5,9,1,1
4,益生質,10,5.0,0.056614970262942044,3,8,23,2,1
4,益菌,3,1.5,0.01024904140089839,3,10,32,2,1
4,範圍,5,5.0,0.02790537216488189,3,1,1,1,4
4,簡單,4,4.0,0.019467008812857352,3,1,1,1,4
4,糞腸球菌,3,3.0,0.042665567139786864,3,7,10,1,1
4,細菌,1,1.0,0.007973354724371677,3,9,34,1,1
4,維生素,4,4.0,0.019679935998451883,3,3,3,1,1
4,編號,8,8.0,0.04437353153849007,3,3,4,1,2
4,纖維,4,4.0,0.018244190593927262,3,3,3,1,1
4,肉食,4,4.0,0.03491861080223027,3,1,1,1,4
4,腸道,17,8.5,0.05918238002364601,3,10,36,2,1
4,膠原蛋白,4,4.0,0.020885150087387817,3,2,2,1,1
4,致病菌,1,1.0,0.007874248329688284,3,5,6,1,1
4,芽孢乳酸菌,7,7.0,0.08252344116916804,3,4,4,1,2
4,菌叢,4,2.0,0.022082367886831007,3,8,26,2,1
4,菌數,17,5.666666666666667,0.06203273503291782,3,10,29,3,1
4,菌株,10,10.0,0.06526432495728349,3,10,35,1,1
4,菌生長,1,1.0,0.013076501815150677,3,1,1,1,4
4,菌種,26,8.666666666666666,0.07728025624686204,3,10,47,3,1
4,菌落,1,1.0,0.009307008467918916,3,2,3,1,4
4,菌量,1,1.0,0.014069111718573684,3,6,7,1,1
4,調節,4,4.0,0.031704803753342684,3,5,5,1,1
4,道菌,1,1.0,0.005220431809906912,3,2,2,1,4
4,適合,13,6.5,0.031800850259393984,3,5,9,2,1
4,酵母菌,2,1.0,0.009114915411331026,3,8,16,2,1
4,酵素,11,11.0,0.03893804384034661,3,5,8,1,1
4,雷特氏B菌,1,1.0,0.011787556588245693,3,6,11,1,1
4,順順,6,6.0,0.08183045202322313,3,1,1,1,4
4,風味,4,4.0,0.024461944012776182,3,2,2,1,4
4,食物,5,5.0,0.006730406246764122,3,9,20,1,1
4,馬桶,4,4.0,0.024746229457723774,3,1,1,1,4
4,高菌數,1,1.0,0.020481701513505108,3,3,3,1,3
5,20,4,4.0,0.0029672986536766976,8,2,3,1,3
5,2015,6,6.0,0.0039541322302092145,8,1,1,1,5
5,3.,5,5.0,-9.98658183363505e-05,8,1,1,1,5
5,BB,9,9.0,0.011542564094809736,8,1,1,1,5
5,Bifidobacterium,5,5.0,0.016897692095142768,8,3,4,1,1
5,B菌比菲德氏菌,1,1.0,0.0141296757542928,8,3,3,1,2
5,Cell,4,4.0,0.007917949584548677,8,1,1,1,5
5,C菌凱氏乳酸菌,1,1.0,0.017682947839265134,8,2,2,1,2
5,EPS,5,5.0,0.011850238330507959,8,1,1,1,5
5,Epub,4,4.0,0.021905073173013,8,1,1,1,5
5,Fibersol,6,6.0,0.06445256393786382,8,1,1,1,5
5,Gut,4,4.0,0.009186022435185306,8,1,1,1,5
5,LDL114,4,4.0,0.05904090150897377,8,1,1,1,5
5,LGG,16,5.333333333333333,0.019595739253552097,8,4,6,3,1
5,LGG菌鼠李糖乳桿菌,2,2.0,0.032829793478690514,8,3,3,1,2
5,LP28,7,7.0,0.06277308504169052,8,2,2,1,2
5,Lactobacillus,29,9.666666666666666,0.051239607101326363,8,7,16,3,1
5,Nutr,7,7.0,0.029998518248729625,8,1,1,1,5
5,Saccharomyces,6,6.0,0.017223546071996984,8,1,1,1,5
5,TMA,5,5.0,0.015506955693803632,8,1,1,1,5
5,Th2,4,4.0,0.06287870682492314,8,1,1,1,5
5,USANA,41,41.0,0.13381493025015934,8,1,1,1,5
5,acidophilus,4,4.0,0.02507007345193937,8,2,2,1,5
5,boulardii,7,7.0,0.023377720416669343,8,1,1,1,5
5,disease,4,4.0,0.00932587325024544,8,1,1,1,5
5,ethylphenylsulfate,5,5.0,0.02876258038322546,8,1,1,1,5
5,fragilis,6,6.0,0.021455175782781312,8,1,1,1,5
5,gut,13,6.5,0.017863801825800933,8,1,2,2,5
5,microbiome,4,4.0,0.01094584461513206,8,1,1,1,5
5,microbiota,4,4.0,0.015045844837451148,8,1,1,1,5
5,ml,6,6.0,0.05536731644409538,8,1,1,1,5
5,pH,5,5.0,0.029252878584972632,8,2,2,1,1
5,plantarum,4,4.0,0.027033430337750672,8,2,2,1,1
5,prebiotics,7,7.0,0.01776473587756234,8,1,1,1,5
5,probiotics,9,9.0,0.01633845800158116,8,1,1,1,5
5,rhamnosus,5,5.0,0.03388242151524458,8,3,3,1,1
5,乳桿菌,1,1.0,0.0071840713342869785,8,8,11,1,1
5,乳酸,6,6.0,0.022478788666815925,8,3,3,1,3
5,乳酸乳球菌,1,1.0,0.01315282226770336,8,3,3,1,1
5,乳酸桿菌,4,1.3333333333333333,0.00834188054127199,8,8,18,3,1
5,乳酸菌,28,4.666666666666667,0.01567348772193945,8,10,43,6,1
5,乾酪乳桿菌,1,1.0,0.011135479751220862,8,6,9,1,1
5,乾酪乳酸桿菌,1,1.0,0.01949038597768564,8,5,6,1,1
5,人類,11,11.0,0.016123547639028978,8,3,3,1,5
5,人類疾病需要益生菌療癒,2,2.0,0.013493431400473698,8,1,1,1,5
5,人體,7,7.0,0.007325391013110564,8,9,16,1,1
5,代謝物,6,6.0,0.0169715204075275,8,1,1,1,5
5,作用,18,9.0,0.006972727129237284,8,5,6,2,5
5,使用,102,25.5,0.005891799050365158,8,7,19,4,1
5,使菌,1,1.0,0.011944471241812157,8,1,1,1,5
5,來源,5,5.0,0.026302746917256144,8,5,7,1,1
5,促進,13,13.0,0.01627360767074196,8,3,3,1,1
5,保存,5,5.0,0.021795123009606662,8,5,5,1,1
5,保持,10,10.0,0.00800207648743139,8,1,1,1,5
5,保養,4,4.0,0.02146588663934542,8,4,6,1,1
5,健康,74,10.571428571428571,0.0008696231125996541,8,10,39,7,1
5,偽膜性大腸炎,4,4.0,0.01563908287779378,8,1,1,1,5
5,傷害,6,6.0,0.008555023439548006,8,1,1,1,5
5,優良,4,4.0,0.0067106269224139715,8,1,1,1,5
5,充品,4,4.0,0.019879945026487243,8,1,1,1,5
5,免疫,24,12.0,0.011762666556408029,8,3,5,2,5
5,兒童,7,7.0,0.004700076831195908,8,2,2,1,5
5,內細菌,1,1.0,0.003043194924492875,8,1,1,1,5
5,八大,4,4.0,0.026969568483645054,8,1,1,1,5
5,共伴,4,4.0,0.013795566340033864,8,1,1,1,5
5,共生,6,6.0,0.011468230430661808,8,1,1,1,5
5,具有,9,4.5,0.005178246384671249,8,5,6,2,1
5,冷藏,6,6.0,0.029674274454269175,8,1,1,1,5
5,出生,11,11.0,0.011188246056213278,8,1,1,1,5
5,分子,5,5.0,0.005232422152221832,8,2,2,1,5
5,利用,5,5.0,0.0035208343079211647,8,2,2,1,5
5,副乾酪乳桿菌,3,1.5,0.017596191031769386,8,8,13,2,1
5,功效,7,7.0,0.015379606567107703,8,9,16,1,1
5,功能,11,5.5,0.004421942370625603,8,6,8,2,1
5,動物,5,5.0,0.006367335246105142,8,3,3,1,5
5,動物實驗,7,7.0,0.017545702745914566,8,1,1,1,5
5,包括,11,5.5,0.0033236942719081855,8,5,6,2,1
5,包裝,4,4.0,0.014785467478658044,8,3,4,1,5
5,吃益生菌,7,1.75,0.009988941324449946,8,10,31,4,1
5,含有,4,4.0,0.0033102298392782593,8,5,5,1,3
5,問題,7,7.0,0.005313310920556335,8,7,9,1,1
5,嗜酸乳桿菌,2,2.0,0.01795248821014741,8,10,20,1,1
5,均衡,5,5.0,0.008419738211863762,8,1,1,1,5
5,基因,8,4.0,0.006143829344100467,8,2,3,2,5
5,塑造,4,4.0,0.005281527692542078,8,1,1,1,5
5,增加,5,5.0,0.002590803876362868,8,6,10,1,2
5,壓力,5,5.0,0.0084841043098164,8,1,1,1,5
5,壞死性腸炎,6,6.0,0.021406062975444725,8,1,1,1,5
5,壞菌,13,2.6,0.02082271754940474,8,9,34,5,1
5,壞菌叢,1,1.0,0.0028372453104636673,8,1,1,1,5
5,多半,4,4.0,0.007981318547025974,8,1,1,1,5
5,多重,8,8.0,0.01205826661232162,8,1,1,1,5
5,大廠,4,4.0,0.029851939640197563,8,2,2,1,5
5,好菌,22,3.6666666666666665,0.022044624791381584,8,10,36,6,1
5,嬰兒,9,9.0,0.008563404129656615,8,4,4,1,1
5,存在,4,4.0,0.0034997957756085275,8,3,3,1,5
5,孢菌,1,1.0,0.015571320925051422,8,1,1,1,5
5,定性,4,4.0,0.013660887437889868,8,1,1,1,5
5,容易,25,8.333333333333334,0.009811099495568914,8,4,7,3,3
5,富含,5,5.0,0.017997689645130117,8,1,1,1,5
5,寡糖,6,6.0,0.01022581957771632,8,7,8,1,1
5,專利,7,7.0,0.030330123434537483,8,7,10,1,1
5,小朋友,4,4.0,0.01931491698267733,8,2,2,1,1
5,屎腸球菌,1,1.0,0.01226326146022022,8,7,9,1,1
5,屏障,5,5.0,0.011727452460341991,8,1,1,1,5
5,差異,4,4.0,0.005248779555573032,8,3,3,1,1
5,市面上,4,4.0,0.02333034069160517,8,4,4,1,1
5,帶來,4,4.0,0.008048226707701316,8,1,1,1,5
5,幫助,24,6.0,0.018370942545583246,8,8,18,4,1
5,平衡,9,9.0,0.03506502083066193,8,4,4,1,4
5,年齡,4,4.0,0.005590671951322945,8,1,1,1,5
5,建議,23,5.75,0.01654782310317845,8,8,18,4,1
5,影響,14,14.0,0.013493616022956002,8,4,5,1,3
5,微生,5,5.0,0.06897161153594504,8,1,1,1,5
5,微生物,79,19.75,0.03504945642924701,8,6,11,4,1
5,心血管,4,4.0,0.005624710068373356,8,1,1,1,5
5,念珠菌,3,3.0,0.016792882432243427,8,2,2,1,5
5,感染,14,7.0,0.010923314369105146,8,2,3,2,5
5,憂鬱,6,6.0,0.010892305334387441,8,1,1,1,5
5,成人,8,8.0,0.004288921514899823,8,2,2,1,3
5,成熟,5,5.0,0.005522867082270061,8,1,1,1,5
5,技巧,4,4.0,0.015116491471635502,8,1,1,1,5
5,抑制,5,5.0,0.004705946698616872,8,1,1,1,5
5,抗生素,7,7.0,0.008888468413628474,8,7,8,1,1
5,抗體,6,6.0,0.013635766878370743,8,1,1,1,5
5,挑選,14,7.0,0.034746599583264384,8,7,11,2,1
5,推薦,12,4.0,0.006347056281157566,8,9,24,3,1
5,提供,8,8.0,0.002675992739333556,8,3,4,1,2
5,攝取,4,4.0,0.021518725838253074,8,6,6,1,2
5,支持,7,7.0,0.005025267061631082,8,2,2,1,1
5,改善,14,7.0,0.004577341484386637,8,7,12,2,1
5,改變,6,6.0,0.011370439306406216,8,3,3,1,2
5,改變細菌叢生態,1,1.0,0.008981202892371108,8,5,7,1,1
5,效果,17,8.5,0.004133666417869594,8,7,11,2,3
5,效菌,1,1.0,0.017919766204568678,8,1,1,1,5
5,敏感,5,5.0,0.017110543050826734,8,1,1,1,5
5,數量,6,6.0,0.007591320821138445,8,5,7,1,2
5,文獻,8,8.0,0.04599893145587915,8,2,2,1,5
5,方式,10,5.0,0.007242719883640145,8,2,3,2,5
5,方面,4,4.0,0.004197083140392182,8,1,1,1,5
5,旅行,4,4.0,0.002974041574535904,8,3,3,1,3
5,旅遊,4,4.0,0.0027706416203690464,8,1,1,1,5
5,早期,6,6.0,0.007663110526082228,8,1,1,1,5
5,早產兒,11,11.0,0.03060852879076513,8,1,1,1,5
5,有助,5,5.0,0.006479016110093996,8,3,3,1,1
5,有效,11,5.5,0.0033317789548257906,8,5,7,2,1
5,有益,6,6.0,0.00795390573417065,8,4,4,1,2
5,有益菌,2,2.0,0.010277122333717064,8,9,14,1,1
5,服用,22,11.0,0.020685135623801212,8,7,9,2,1
5,木寡糖,5,5.0,0.039076970974032434,8,2,2,1,3
5,查核點,4,4.0,0.019029725577512903,8,1,1,1,5
5,桿菌,3,1.5,0.014243113817305683,8,4,9,2,1
5,植物乳桿菌,1,1.0,0.009689992093660863,8,7,10,1,1
5,歐洲,4,4.0,0.004924851805344281,8,1,1,1,5
5,正常,12,6.0,0.004347054702730357,8,3,4,2,1
5,母奶,23,23.0,0.05055973024861565,8,1,1,1,5
5,毒素,5,5.0,0.006241560732531362,8,1,1,1,5
5,比菲德氏菌,3,1.0,0.007707777550902159,8,9,17,3,1
5,比較,5,5.0,0.004511570104822087,8,6,8,1,1
5,治療,24,12.0,0.029248766718132743,8,2,3,2,5
5,活菌,12,4.0,0.022140905994439557,8,10,25,3,1
5,消化,19,9.5,0.009369877934191712,8,5,7,2,1
5,消化系,10,10.0,0.0392624071778459,8,1,1,1,5
5,消化道,9,9.0,0.04738874607324221,8,5,5,1,1
5,消費者,5,5.0,0.020143055903405142,8,3,3,1,3
5,添加,10,5.0,0.008799129856233278,8,7,13,2,1
5,減少,14,7.0,0.0182177379580071,8,4,6,2,3
5,滋養,10,10.0,0.015692895066257997,8,1,1,1,5
5,無菌,1,1.0,0.00259404643076,8,3,3,1,4
5,營養,4,4.0,0.002643882436632127,8,6,9,1,1
5,營養師,4,4.0,0.02342238133841072,8,4,5,1,1
5,營養素,9,9.0,0.01923357063757797,8,2,2,1,2
5,牛奶,4,4.0,0.0014400985520165589,8,2,2,1,1
5,物質,4,4.0,0.005021395522236277,8,2,2,1,5
5,特定,5,5.0,0.006823881181716697,8,1,1,1,5
5,狀況,9,4.5,0.03036265051450743,8,2,4,2,1
5,獲得,4,4.0,0.006447849691429273,8,1,1,1,5
5,球菌,6,3.0,0.019197545070947872,8,9,17,2,1
5,環境,18,6.0,0.012893002626686351,8,8,14,3,1
5,生態,4,4.0,0.005486854344244718,8,2,2,1,2
5,生病,5,5.0,0.005859301383373088,8,1,1,1,5
5,生長,9,4.5,0.01734580077934946,8,4,6,2,2
5,生長素,4,4.0,0.010834510347381891,8,1,1,1,5
5,產前,7,7.0,0.010228047919947102,8,1,1,1,5
5,產品,21,7.0,0.012653991695767641,8,10,27,3,1
5,產生,6,6.0,0.007347366326930052,8,3,3,1,5
5,產道,6,6.0,0.02011904005641637,8,1,1,1,5
5,異位性皮膚炎,4,4.0,0.009029689177107678,8,2,2,1,1
5,異常,15,15.0,0.022844332379883998,8,1,1,1,5
5,疾病,17,17.0,0.010205481718407634,8,3,3,1,2
5,病原菌,2,2.0,0.015190583233386538,8,3,3,1,5
5,病菌,2,1.0,0.004202266785066637,8,4,5,2,4
5,症狀,5,5.0,0.006963703519645838,8,4,4,1,1
5,癌症,9,9.0,0.01139514293888904,8,2,2,1,2
5,發展,8,8.0,0.008999765967628023,8,1,1,1,5
5,發炎,12,12.0,0.020307048047387137,8,2,2,1,2
5,發炎性腸疾病,6,6.0,0.02828743213039349,8,1,1,1,5
5,發現,13,13.0,0.010978520146194552,8,6,6,1,1
5,發育,21,21.0,0.03503211750899257,8,1,1,1,5
5,發酵,4,4.0,0.006086508860317043,8,5,6,1,3
5,益生元,2,1.0,0.005066941505035206,8,8,15,2,1
5,益生菌,366,45.75,0.0012817050507225331,8,10,58,8,1
5,益生菌品牌,2,2.0,0.016031178826337502,8,6,8,1,1
5,益生菌推薦,1,1.0,0.007853333399381083,8,5,9,1,1
5,益生菌比較,1,1.0,0.010231966468126385,8,3,5,1,1
5,益生菌種類,1,1.0,0.008041017860105472,8,6,9,1,1
5,益生菌膠囊,1,1.0,0.008744213570532958,8,4,4,1,3
5,益生質,4,1.3333333333333333,0.013248002430186687,8,8,23,3,1
5,益菌,34,6.8,0.021136643130279173,8,10,32,5,1
5,相關,8,8.0,0.0036505677263409626,8,7,7,1,1
5,真正,4,4.0,0.004712201680222445,8,2,2,1,1
5,真菌,1,1.0,0.0023712762461145344,8,2,2,1,5
5,研敏最佳三益菌,1,1.0,0.01853595609889833,8,1,1,1,5
5,研究,32,10.666666666666666,0.00854120061050949,8,8,16,3,1
5,神經,9,9.0,0.013485606998761569,8,1,1,1,5
5,移植,8,8.0,0.012584112381262835,8,1,1,1,5
5,粉末,5,5.0,0.030172524587137036,8,3,3,1,5
5,粉狀,4,4.0,0.037901885034322624,8,2,2,1,5
5,精準,10,10.0,0.01712529838579209,8,1,1,1,5
5,糖尿病,7,7.0,0.006636197737520065,8,2,2,1,2
5,糞腸球菌,2,1.0,0.016590248435809807,8,7,10,2,1
5,細胞,21,10.5,0.0569580758898544,8,3,4,2,5
5,細菌,38,7.6,0.020381108453497335,8,9,34,5,1
5,細菌叢生態,2,2.0,0.01681829466221921,8,4,6,1,1
5,細菌性,2,1.0,0.0050112280697768375,8,2,3,2,5
5,細菌會,1,1.0,0.011116771711440314,8,1,1,1,5
5,給予,5,5.0,0.008064953207285612,8,1,1,1,5
5,維持,13,4.333333333333333,0.018567789155629295,8,3,5,3,1
5,維菌,1,1.0,0.003875013516552856,8,1,1,1,5
5,網址,5,5.0,0.008194759698798475,8,1,1,1,5
5,肌膚,11,11.0,0.08334660866556995,8,3,3,1,5
5,肝臟,4,4.0,0.046009683489942284,8,2,2,1,2
5,肥胖,17,17.0,0.020542329227583197,8,1,1,1,5
5,胃酸,5,5.0,0.029526319811214983,8,5,7,1,1
5,胰島素,5,5.0,0.011402196047683524,8,1,1,1,5
5,脂肪,4,4.0,0.002557507321841638,8,1,1,1,5
5,腫瘤,4,4.0,0.007250992911596444,8,1,1,1,5
5,腸炎,4,4.0,0.010302068326319292,8,1,1,1,5
5,腸胃,5,5.0,0.007912591954794811,8,5,8,1,1
5,腸道,111,22.2,0.06247171458392235,8,10,36,5,1
5,腸道好菌,1,1.0,0.010112292992586392,8,4,6,1,1
5,腸道益生菌,2,1.0,0.008085548784662522,8,6,10,2,1
5,腸道菌叢生態,2,1.0,0.011521028233339767,8,3,5,2,1
5,腹瀉,24,12.0,0.03169821752233607,8,4,6,2,1
5,膠囊,7,7.0,0.03135250346445559,8,3,3,1,3
5,臨床,5,5.0,0.022694053168183563,8,2,2,1,5
5,自閉症,7,7.0,0.017851859854307612,8,1,1,1,5
5,自體,7,7.0,0.01516852977817587,8,1,1,1,5
5,致病菌,1,1.0,0.005416762331370536,8,5,6,1,1
5,芽孢桿菌,2,2.0,0.01376576191989202,8,4,4,1,1
5,菌叢,16,5.333333333333333,0.014967037188536396,8,8,26,3,1
5,菌數,11,3.6666666666666665,0.03630758143745233,8,10,29,3,1
5,菌株,31,5.166666666666667,0.01614554531515834,8,10,35,6,1
5,菌生,1,1.0,0.00671140093034675,8,1,1,1,5
5,菌種,32,5.333333333333333,0.04275616533032636,8,10,47,6,1
5,菌種平衡,5,1.25,0.01809871767009813,8,6,10,4,1
5,菌群,1,1.0,0.0013670368841044065,8,6,8,1,1
5,菌落,6,3.0,0.0246807025080976,8,2,3,2,4
5,菌量,2,1.0,0.0092396478589097,8,6,7,2,1
5,萃取,4,4.0,0.01549127958341403,8,3,3,1,1
5,葡萄球菌,1,1.0,0.013841735667187905,8,1,1,1,5
5,藥物,4,4.0,0.015171807085936122,8,2,2,1,1
5,血管,4,4.0,0.003058553564359291,8,1,1,1,5
5,補充,20,6.666666666666667,0.020342125702798572,8,8,17,3,1
5,親纖維菌,2,2.0,0.013493431400473698,8,1,1,1,5
5,試驗,4,4.0,0.0071539528768475875,8,1,1,1,5
5,認證,4,4.0,0.013417585277693092,8,2,2,1,1
5,說明,4,4.0,0.007039848325620359,8,2,2,1,3
5,調整,8,4.0,0.012944221130842107,8,4,8,2,1
5,調節,10,10.0,0.014205749659596919,8,5,5,1,1
5,證實,4,4.0,0.009878877471122559,8,4,4,1,1
5,購物,8,8.0,0.00704460869857777,8,1,1,1,5
5,身體,23,7.666666666666667,0.01602273083047903,8,6,15,3,2
5,透過,7,7.0,0.009073949799156487,8,1,1,1,5
5,造成,7,7.0,0.004218293042610143,8,4,4,1,2
5,造粒,5,5.0,0.06060648180637,8,1,1,1,5
5,進一步,4,4.0,0.005819472466958128,8,1,1,1,5
5,過敏,4,4.0,0.01315690406374834,8,4,5,1,1
5,過敏性鼻炎,4,4.0,0.02621709685920707,8,2,2,1,1
5,過敏病,5,5.0,0.01843310821071353,8,1,1,1,5
5,過程,6,6.0,0.0107122612914594,8,1,1,1,5
5,道菌,1,1.0,0.0012312129513360702,8,2,2,1,4
5,適合,11,5.5,0.023789219181531925,8,5,9,2,1
5,選擇,8,4.0,0.01361102231838437,8,6,9,2,1
5,選購,4,4.0,0.022650479316135872,8,3,3,1,5
5,避免,6,6.0,0.003525413185801528,8,2,2,1,5
5,部位,4,4.0,0.004872390987005317,8,1,1,1,5
5,酵母菌,3,1.0,0.008484271892715176,8,8,16,3,1
5,酵素,5,5.0,0.014148769138259134,8,5,8,1,1
5,重組,5,5.0,0.01208670033042794,8,1,1,1,5
5,重要,11,5.5,0.0025451175883851747,8,4,5,2,1
5,錠劑,5,5.0,0.05168859530299436,8,1,1,1,5
5,防治,16,16.0,0.021259671959870625,8,1,1,1,5
5,阻抗,4,4.0,0.00989953979589213,8,1,1,1,5
5,陰道,5,5.0,0.028168997369086287,8,2,2,1,5
5,雙歧桿菌,9,3.0,0.015080363450170766,8,7,18,3,2
5,雙歧桿菌屬,1,1.0,0.009307075561849449,8,4,6,1,1
5,雷特氏B菌,2,1.0,0.014472491588206758,8,6,11,2,1
5,需要,28,7.0,0.003952704721175598,8,8,14,4,1
5,預防,18,9.0,0.016048774854717292,8,2,3,2,5
5,顏色,4,4.0,0.005508795466842295,8,1,1,1,5
5,顯然,6,6.0,0.0124498097097048,8,1,1,1,5
5,顯著,5,5.0,0.009483593276647941,8,1,1,1,5
5,食品,6,6.0,0.005935374375019036,8,8,10,1,1
5,食物,16,5.333333333333333,0.0034092383881491844,8,9,20,3,1
5,食用,4,4.0,0.007089771854637909,8,8,18,1,1
5,飲料,5,5.0,0.0063798334433401395,8,3,3,1,5
5,飲食,4,4.0,0.005210248313061736,8,7,8,1,1
5,體內,5,5.0,0.010122879809012686,8,4,6,1,2
5,體質,8,4.0,0.022418920223624246,8,7,11,2,1
5,高菌量,1,1.0,0.003880049613170093,8,1,1,1,5
5,鹼菌,1,1.0,0.004639963937623751,8,1,1,1,5
5,黴菌,5,1.6666666666666667,0.009573755368374967,8,4,7,3,3
5,黴菌性,2,2.0,0.006918896043455788,8,1,1,1,5
5,鼠李糖乳桿菌,3,1.5,0.00947402594171334,8,8,16,2,1
5,鼠李糖乳酸桿菌,2,1.0,0.009316276803895362,8,6,9,2,3
6,2007,6,6.0,0.014244551957947613,4,1,1,1,6
6,BioMedi,6,6.0,0.0925753048231222,4,1,1,1,6
6,CHOVERYG,6,6.0,0.13098859847440206,4,1,1,1,6
6,COSME,4,4.0,0.029192256669801468,4,1,1,1,6
6,Food,4,4.0,0.011846277187392413,4,1,1,1,6
6,Lactobacillus,4,4.0,0.018338069349643327,4,7,16,1,1
6,Research,4,4.0,0.0166907517234353,4,1,1,1,6
6,乳桿菌,1,1.0,0.006021021180541888,4,8,11,1,1
6,乳液,8,8.0,0.015832546524939126,4,1,1,1,6
6,乳酸桿菌,2,1.0,0.006906686020644174,4,8,18,2,1
6,乳酸菌,61,20.333333333333332,0.04233932292051109,4,10,43,3,1
6,人體,17,8.5,0.02405670415436131,4,9,16,2,1
6,作用,7,7.0,0.006998255325904684,4,5,6,1,5
6,使用,8,4.0,0.001669584982449231,4,7,19,2,1
6,保存,4,4.0,0.0062873663403177574,4,5,5,1,1
6,保濕,6,6.0,0.02134890418410381,4,1,1,1,6
6,健康,15,5.0,0.00045818587493954075,4,10,39,3,1
6,優格,4,4.0,0.01811692819149055,4,5,6,1,1
6,優質,5,5.0,0.015180505790786884,4,2,2,1,2
6,優酪乳,15,15.0,0.06771054397707015,4,4,5,1,1
6,包膜,4,4.0,0.02701749325907839,4,2,2,1,6
6,包裝,5,5.0,0.012451646802543587,4,3,4,1,5
6,參考,4,4.0,0.009538373729845638,4,3,3,1,1
6,取消,4,4.0,0.008056130206046105,4,1,1,1,6
6,口味,4,4.0,0.0065331638605302545,4,1,1,1,6
6,口碑,4,4.0,0.01762177839037411,4,1,1,1,6
6,吃益生菌,1,1.0,0.0033349629996473713,4,10,31,1,1
6,含菌,1,1.0,0.008084836468942659,4,2,2,1,6
6,問題,4,4.0,0.0073430023798248655,4,7,9,1,1
6,嗜酸乳桿菌,1,1.0,0.005105447390618129,4,10,20,1,1
6,塑膠,4,4.0,0.015769500972023218,4,2,2,1,6
6,增加,4,4.0,0.006063061823737361,4,6,10,1,2
6,壞菌,6,3.0,0.02185565872839963,4,9,34,2,1
6,天然優格粉,4,4.0,0.045943138212933984,4,2,2,1,6
6,好菌,10,5.0,0.025442632960874845,4,10,36,2,1
6,存在,5,5.0,0.006696286759325331,4,3,3,1,5
6,存活率,4,4.0,0.01526633587203697,4,2,2,1,2
6,安全,5,5.0,0.002524966543422485,4,4,4,1,1
6,定殖,4,4.0,0.022064342372903698,4,6,6,1,1
6,寡糖,11,11.0,0.054841210475012864,4,7,8,1,1
6,將菌,1,1.0,0.008413292128520919,4,1,1,1,6
6,平衡,8,8.0,0.017712727115635398,4,4,4,1,4
6,弱酸性,4,4.0,0.02525166556202163,4,1,1,1,6
6,影響,6,6.0,0.019947453768359755,4,4,5,1,3
6,想要,4,4.0,0.00702071631752275,4,3,3,1,2
6,成份,7,7.0,0.021838587315742692,4,2,2,1,6
6,成分,4,4.0,0.006517410953591414,4,7,7,1,1
6,所謂,5,5.0,0.016057070558822762,4,1,1,1,6
6,手工,5,5.0,0.010911398281269977,4,2,2,1,6
6,技術,5,5.0,0.01533815084161991,4,3,5,1,1
6,抑菌,1,1.0,0.043192064756846484,4,4,5,1,3
6,抗菌,1,1.0,0.003123105631516925,4,4,4,1,3
6,抗菌肽,1,1.0,0.007773790551490034,4,1,1,1,6
6,推薦,8,4.0,0.006997513558443024,4,9,24,2,1
6,效果,4,4.0,0.003837025230896908,4,7,11,1,3
6,效益,5,5.0,0.027142210060641332,4,1,1,1,6
6,文獻,4,4.0,0.01900234668414338,4,2,2,1,5
6,日本,9,9.0,0.008540486926504807,4,5,5,1,1
6,有益,4,4.0,0.008116532059590497,4,4,4,1,2
6,有益菌,1,1.0,0.0043066645894094535,4,9,14,1,1
6,朋友,4,4.0,0.004201016405130307,4,1,1,1,6
6,果糖,4,4.0,0.01897090298113001,4,2,2,1,6
6,桿菌,2,2.0,0.010810714214195242,4,4,9,1,1
6,植物乳酸菌,1,1.0,0.006427958376544458,4,3,3,1,3
6,植物性,5,5.0,0.018625485713000947,4,1,1,1,6
6,正面,5,5.0,0.024908225961777872,4,1,1,1,6
6,死菌,5,2.5,0.014474246370828826,4,5,6,2,1
6,每天,6,6.0,0.005802089530931637,4,5,5,1,1
6,比菲德氏菌,1,1.0,0.0051976821670854925,4,9,17,1,1
6,比較,6,6.0,0.011818971943747677,4,6,8,1,1
6,注意,4,4.0,0.004202567142482485,4,5,6,1,1
6,活性,12,6.0,0.013113370661870186,4,3,4,2,1
6,活菌,10,5.0,0.01578601452916467,4,10,25,2,1
6,添加,13,6.5,0.00754666479411277,4,7,13,2,1
6,滅菌,1,1.0,0.00473059963474975,4,1,1,1,6
6,無菌室,1,1.0,0.011418478581059007,4,1,1,1,6
6,熱縮膜,6,6.0,0.06071912878982931,4,2,2,1,6
6,狀態,8,8.0,0.03632205857114729,4,2,2,1,6
6,球菌,9,9.0,0.043020459382238085,4,9,17,1,1
6,產品,21,10.5,0.01847956395782258,4,10,27,2,1
6,病原菌,1,1.0,0.0647041931396781,4,3,3,1,5
6,痘痘,5,5.0,0.018238128817485925,4,1,1,1,6
6,發表,6,6.0,0.016778355350635227,4,1,1,1,6
6,皮膚,10,10.0,0.03189113518478565,4,1,1,1,6
6,益生,9,9.0,-3.644622641723128e-05,4,6,8,1,2
6,益生菌,143,35.75,0.0012074046710390464,4,10,58,4,1
6,益生菌膠囊,1,1.0,0.004396486562879489,4,4,4,1,3
6,益生質,4,4.0,0.030610275408968737,4,8,23,1,1
6,益菌,1,1.0,0.004189700541846127,4,10,32,1,1
6,益菌優,1,1.0,0.006345732541453236,4,2,2,1,1
6,研究,9,9.0,0.009712899673148648,4,8,16,1,1
6,空腹,4,4.0,0.013201511706278302,4,1,1,1,6
6,粉末,4,4.0,0.016262351981709722,4,3,3,1,5
6,精華,5,5.0,0.014825837490416662,4,1,1,1,6
6,納豆菌,1,1.0,0.005184699084551748,4,2,2,1,3
6,細菌,13,4.333333333333333,0.019903877385634268,4,9,34,3,1
6,總菌,1,1.0,0.007911355500342936,4,4,4,1,1
6,美容,4,4.0,0.005350055516683414,4,3,3,1,3
6,肌膚,10,10.0,0.043058520295789035,4,3,3,1,5
6,肥皂,6,6.0,0.03028775957813855,4,1,1,1,6
6,胃酸,8,8.0,0.026870048660912367,4,5,7,1,1
6,腸內細菌,1,1.0,0.010440991470155285,4,2,2,1,3
6,腸胃,4,4.0,0.01298335138186506,4,5,8,1,1
6,腸胃健康,4,4.0,0.03330806629955707,4,1,1,1,6
6,腸胃道,9,9.0,0.06844588590228265,4,5,5,1,1
6,腸道,28,9.333333333333334,0.03595502646271587,4,10,36,3,1
6,膠囊,4,4.0,0.009007809014482459,4,3,3,1,3
6,膳食纖維,9,9.0,0.04039738056111776,4,5,6,1,1
6,膽鹽,4,4.0,0.024321019797415147,4,2,2,1,1
6,自然,4,4.0,0.0031818695598043218,4,1,1,1,6
6,菌叢,3,1.5,0.00767501421241646,4,8,26,2,1
6,菌屬,1,1.0,0.01123353547928944,4,1,1,1,6
6,菌數,8,2.6666666666666665,0.06100307012214673,4,10,29,3,1
6,菌株,20,6.666666666666667,0.05257735165622337,4,10,35,3,1
6,菌種,20,6.666666666666667,0.06941986156622698,4,10,47,3,1
6,菌種平衡,1,1.0,0.010223356607696445,4,6,10,1,1
6,菌群,5,5.0,0.016530908576504823,4,6,8,1,1
6,菌脂,1,1.0,0.09460589761977596,4,1,1,1,6
6,表面,6,6.0,0.02548122663161612,4,1,1,1,6
6,補充,6,6.0,0.011639400592608543,4,8,17,1,1
6,訂閱,6,6.0,0.01808570034426086,4,1,1,1,6
6,證實,4,4.0,0.015121292932099309,4,4,4,1,1
6,購買,4,4.0,0.0102487066046422,4,3,4,1,1
6,身體,9,4.5,0.009428379335902395,4,6,15,2,2
6,選購,4,4.0,0.015260161033660657,4,3,3,1,5
6,金黃色葡萄球菌,1,1.0,0.008751313281644132,4,2,2,1,3
6,雙歧桿菌,2,1.0,0.007070115692412348,4,7,18,2,2
6,需要,5,5.0,0.004509288369563011,4,8,14,1,1
6,風味,4,4.0,0.01638919785662962,4,2,2,1,4
6,食品,11,5.5,0.0037472621564964073,4,8,10,2,1
6,食物,9,4.5,0.0034863169095162346,4,9,20,2,1
6,食用,9,9.0,0.009073063051892564,4,8,18,1,1
6,飲料,4,4.0,0.007812331361473019,4,3,3,1,5
6,高菌,1,1.0,0.009904228994052909,4,5,6,1,1
6,鼠李糖乳酸桿菌,1,1.0,0.009449316174656363,4,6,9,1,3
7,137,6,6.0,0.029223482616593167,3,1,1,1,7
7,AG419,4,4.0,0.06096631393214344,3,1,1,1,7
7,乳桿菌屬,1,1.0,0.013945978981620696,3,3,4,1,1
7,乳酸菌,21,7.0,0.025837890466078272,3,10,43,3,1
7,人體,4,4.0,0.016694002900603168,3,9,16,1,1
7,作用,4,4.0,0.007305479243922813,3,5,6,1,5
7,健康,9,4.5,0.0005533685212802459,3,10,39,2,1
7,具有,4,4.0,0.008117330750820023,3,5,6,1,1
7,副乾酪乳桿菌,1,1.0,0.0112082380586303,3,8,13,1,1
7,功效,9,9.0,0.0225938095990714,3,9,16,1,1
7,吃益生菌,2,1.0,0.009947005156359753,3,10,31,2,1
7,嗜酸乳桿菌,1,1.0,0.009326759579465377,3,10,20,1,1
7,壞菌,6,3.0,0.03686136120251222,3,9,34,2,1
7,好菌,7,3.5,0.03553825095374351,3,10,36,2,1
7,孩童,4,4.0,0.026932735832238472,3,1,1,1,7
7,學齡,5,5.0,0.03986887226570435,3,1,1,1,7
7,定殖,4,4.0,0.06814487279016028,3,6,6,1,1
7,專利,6,6.0,0.02970483590314392,3,7,10,1,1
7,幫助,8,8.0,0.029550085988691983,3,8,18,1,1
7,建議,13,13.0,0.044065670996152856,3,8,18,1,1
7,成分,4,4.0,0.007535410627157475,3,7,7,1,1
7,抑菌,1,1.0,0.005793163184704367,3,4,5,1,3
7,指菌,1,1.0,0.017313901393943613,3,1,1,1,7
7,挑選,5,5.0,0.026085458905266867,3,7,11,1,1
7,改變細菌叢生態,1,1.0,0.010262053559534391,3,5,7,1,1
7,效果,5,5.0,0.006538903354011498,3,7,11,1,3
7,日本,4,4.0,0.004388659948651025,3,5,5,1,1
7,植物乳酸菌,6,6.0,0.07045653527838884,3,3,3,1,3
7,檢驗,4,4.0,0.02019784249269976,3,2,2,1,1
7,每日,8,8.0,0.02074997445493288,3,3,4,1,3
7,每次,6,6.0,0.020047393428739173,3,1,1,1,7
7,比菲德氏菌,2,2.0,0.01899051277346006,3,9,17,1,1
7,活菌,10,5.0,0.027890094262173926,3,10,25,2,1
7,濃縮,4,4.0,0.023542331057710714,3,1,1,1,7
7,營養師,4,4.0,0.026762754907895446,3,4,5,1,1
7,特殊,4,4.0,0.010471317496516136,3,2,3,1,1
7,球菌,1,1.0,0.006516775869446744,3,9,17,1,1
7,環境,5,5.0,0.04967336392338445,3,8,14,1,1
7,產品,25,12.5,0.03233660442266522,3,10,27,2,1
7,發現,4,4.0,0.030518986773267462,3,6,6,1,1
7,益生菌,75,25.0,0.001158334020069265,3,10,58,3,1
7,益生菌種類,1,1.0,0.012136612695473285,3,6,9,1,1
7,益生質,4,2.0,0.020865917787268165,3,8,23,2,1
7,益菌,2,2.0,0.025879457962326463,3,10,32,1,1
7,相關,6,6.0,0.010919164162786404,3,7,7,1,1
7,研究,4,4.0,0.007886119636527406,3,8,16,1,1
7,確保,6,6.0,0.02970483590314392,3,1,1,1,7
7,細菌叢生態,1,1.0,0.009608414522643062,3,4,6,1,1
7,組合,8,8.0,0.028837740240363712,3,2,2,1,3
7,總菌,1,1.0,0.014452663019302203,3,4,4,1,1
7,腸道,5,5.0,0.0615890738106151,3,10,36,1,1
7,芽孢乳酸菌,1,1.0,0.010768278280138831,3,4,4,1,2
7,芽孢桿菌,1,1.0,0.010388592824095079,3,4,4,1,1
7,菌叢,3,1.5,0.012593724585191162,3,8,26,2,1
7,菌數,9,4.5,0.07938145859677892,3,10,29,2,1
7,菌株,10,5.0,0.030693069631863367,3,10,35,2,1
7,菌種,16,5.333333333333333,0.06763698000095235,3,10,47,3,1
7,菌粉,1,1.0,0.005797666610733567,3,3,4,1,3
7,補充,8,8.0,0.02835086595958527,3,8,17,1,1
7,調整,5,5.0,0.02415922934165632,3,4,8,1,1
7,輔助,4,4.0,0.01782219834147562,3,1,1,1,7
7,避免,4,4.0,0.00937316986241968,3,2,2,1,5
7,配方,4,4.0,0.007644216755456931,3,3,3,1,1
7,酵母菌,2,1.0,0.007309928143300284,3,8,16,2,1
7,雙歧桿菌屬,1,1.0,0.014047521518648827,3,4,6,1,1
7,需要,4,4.0,0.004918110099503018,3,8,14,1,1
7,食品,5,5.0,0.005139288508081,3,8,10,1,1
7,食尚,7,7.0,0.05559111596444434,3,1,1,1,7
7,食用,28,28.0,0.05156635420249372,3,8,18,1,1
7,食用時間,4,4.0,0.05346796794089971,3,1,1,1,7
7,食用量,5,5.0,0.05043466236052497,3,1,1,1,7
7,飲食,4,4.0,0.014569234247220168,3,7,8,1,1
7,體質,6,6.0,0.03278989541425202,3,7,11,1,1
7,高菌,1,1.0,0.01350270947746093,3,5,6,1,1
7,黃金,9,9.0,0.03650728659892034,3,1,1,1,7
7,鼠李糖乳桿菌,1,1.0,0.010503561896982743,3,8,16,1,1
8,Bifidobacterium,8,4.0,0.015432875216500868,5,3,4,2,1
8,Chiou,4,4.0,0.03276765647642738,5,1,1,1,8
8,Enterococcus,6,6.0,0.016341695840894677,5,2,2,1,1
8,GG,4,4.0,0.005417710713393136,5,1,1,1,8
8,ISAPP,6,6.0,0.023140080163063584,5,1,1,1,8
8,LGG,5,5.0,0.0111748417961579,5,4,6,1,1
8,LJ菌,3,3.0,0.012562704710009929,5,3,3,1,1
8,Lactobacillus,24,12.0,0.02999807335941733,5,7,16,2,1
8,Yu,4,4.0,0.01686811821618036,5,1,1,1,8
8,acidophilus,4,4.0,0.009217243713306077,5,2,2,1,5
8,lactis,4,4.0,0.01014868683990796,5,1,1,1,8
8,reuteri,4,4.0,0.02631015455802754,5,1,1,1,8
8,rhamnosus,5,5.0,0.012457184750642029,5,3,3,1,1
8,世界,5,5.0,0.0017236647206103908,5,1,1,1,8
8,主要,5,5.0,0.0022430419639363113,5,3,3,1,1
8,乳桿菌,4,4.0,0.007998147242307917,5,8,11,1,1
8,乳酸,4,4.0,0.004171002143029258,5,3,3,1,3
8,乳酸桿菌,2,1.0,0.0035282904688752276,5,8,18,2,1
8,乳酸菌,35,17.5,0.017297280274315877,5,10,43,2,1
8,乾酪乳酸桿菌,1,1.0,0.0031274895613490603,5,5,6,1,1
8,人類,5,5.0,0.007119748365305488,5,3,3,1,5
8,人體,8,8.0,0.008132975772088723,5,9,16,1,1
8,代田菌,1,1.0,0.0037644362077678475,5,1,1,1,8
8,作用,4,4.0,0.0017795398158273524,5,5,6,1,5
8,使用,38,19.0,0.004304257973732215,5,7,19,2,1
8,來源,13,13.0,0.015300845249715672,5,5,7,1,1
8,依賴,7,7.0,0.01285494858888742,5,2,2,1,1
8,促進,4,4.0,0.0048643767154766,5,3,3,1,1
8,保健,11,11.0,0.0026462399820537143,5,5,5,1,1
8,健康,42,14.0,0.000899750419438604,5,10,39,3,1
8,優勢,4,4.0,0.015748735962791728,5,1,1,1,8
8,優酪乳,6,6.0,0.012052364817093049,5,4,5,1,1
8,免疫,13,6.5,0.004269375134789727,5,3,5,2,5
8,兒童,4,4.0,0.009811580072409856,5,2,2,1,5
8,內菌,1,1.0,0.006694405852243277,5,3,3,1,4
8,公告,9,9.0,0.005800357723432357,5,1,1,1,8
8,具有,16,16.0,0.018603532343319042,5,5,6,1,1
8,分享,15,7.5,0.003910151737484428,5,1,2,2,8
8,分類,4,4.0,0.002666043816105416,5,1,1,1,8
8,利用,8,8.0,0.012872279827714888,5,2,2,1,5
8,刺激,4,4.0,0.006445033745602216,5,1,1,1,8
8,副乾酪乳桿菌,4,4.0,0.01092084733917824,5,8,13,1,1
8,功效,6,6.0,0.003669080191302193,5,9,16,1,1
8,功能,19,9.5,0.0036690875446202115,5,6,8,2,1
8,動物,14,14.0,0.04073855776331006,5,3,3,1,5
8,動物體,5,5.0,0.04284513270207619,5,1,1,1,8
8,包括,4,4.0,0.0047822149218270564,5,5,6,1,1
8,原因,7,7.0,0.003022978746817742,5,3,3,1,1
8,原料,5,5.0,0.004273006262903721,5,2,2,1,8
8,台灣,9,9.0,0.004204677823380684,5,2,3,1,1
8,吃益生菌,14,14.0,0.020776626396479737,5,10,31,1,1
8,含有,8,8.0,0.004509469433656983,5,5,5,1,3
8,吸附,4,4.0,0.014446462752840726,5,1,1,1,8
8,品牌,8,8.0,0.001699722100027847,5,5,6,1,1
8,商品,4,4.0,0.11692890138567287,5,2,2,1,3
8,問題,8,4.0,0.0034662241768925206,5,7,9,2,1
8,嗜酸乳桿菌,5,5.0,0.01135951487242578,5,10,20,1,1
8,因素,4,4.0,0.008450530373867327,5,1,1,1,8
8,國際,5,5.0,0.00376365749462181,5,3,3,1,3
8,填完,4,4.0,0.03519037670262254,5,1,1,1,8
8,增加,8,4.0,0.006153892544443377,5,6,10,2,2
8,增殖,10,10.0,0.04236681926895807,5,1,1,1,8
8,壞菌,3,3.0,0.02374864015703296,5,9,34,1,1
8,大本山益生菌,5,5.0,0.0142042278596792,5,2,2,1,3
8,天然,4,4.0,0.005789016686714369,5,3,3,1,1
8,好菌,8,4.0,0.008628163001054862,5,10,36,2,1
8,媽咪,4,4.0,0.0044979761744945,5,1,1,1,8
8,存活,4,4.0,0.01573902049989605,5,1,1,1,8
8,孩子,7,7.0,0.0025410230343276925,5,1,1,1,8
8,安全,4,4.0,0.0021142910511459875,5,4,4,1,1
8,定殖,9,9.0,0.01648666277181297,5,6,6,1,1
8,容易,5,5.0,0.0020107983302572697,5,4,7,1,3
8,宿主,13,6.5,0.023702048452733708,5,1,2,2,8
8,寡糖,5,5.0,0.008278346494367119,5,7,8,1,1
8,實驗,5,5.0,0.007182849071665131,5,2,2,1,1
8,審稿,9,9.0,0.10085626782765264,5,1,1,1,8
8,寶寶,11,11.0,0.009742576012072929,5,2,2,1,1
8,屎腸球菌,6,6.0,0.01862311665919299,5,7,9,1,1
8,市售,8,8.0,0.014630661556720381,5,2,2,1,1
8,市面上,7,7.0,0.009134822187666336,5,4,4,1,1
8,幫助,16,8.0,0.017133264056868217,5,8,18,2,1
8,延伸,7,7.0,0.008217231535278317,5,1,1,1,8
8,建議,7,7.0,0.0057798168071877005,5,8,18,1,1
8,微生物,9,4.5,0.008061606036523634,5,6,11,2,1
8,念珠菌,1,1.0,0.0020580193661792674,5,2,2,1,5
8,意見,6,6.0,0.03138165822899749,5,1,1,1,8
8,感染,4,4.0,0.0069379902821800595,5,2,3,1,5
8,應用,13,13.0,0.03739628007812516,5,1,1,1,8
8,打造,5,5.0,0.002793863790149938,5,2,2,1,3
8,抑菌,7,3.5,0.010663281212671941,5,4,5,2,3
8,抗生素,14,7.0,0.013638611254188443,5,7,8,2,1
8,抗菌,1,1.0,0.002068905578855084,5,4,4,1,3
8,持續,4,4.0,0.005099000486369335,5,1,1,1,8
8,指出,7,7.0,0.008217231535278317,5,1,1,1,8
8,挑選,7,7.0,0.00889581034461665,5,7,11,1,1
8,推薦,2,1.0,0.0012291287274058197,5,9,24,2,1
8,提交,6,6.0,0.02627986414426208,5,1,1,1,8
8,提供,11,5.5,0.0035892929580428248,5,3,4,2,2
8,提出,4,4.0,0.004565049899872252,5,1,1,1,8
8,提升,5,5.0,0.0056547995618815424,5,2,3,1,1
8,提高,7,7.0,0.007869333408530773,5,1,1,1,8
8,攝取,5,5.0,0.007486612122179652,5,6,6,1,2
8,改善,18,9.0,0.006229793676539747,5,7,12,2,1
8,效果,34,17.0,0.009292216810072798,5,7,11,2,3
8,整理,4,4.0,0.0025041036063924533,5,2,2,1,2
8,數量,12,6.0,0.012307703050791428,5,5,7,2,2
8,文章,8,4.0,0.0018541028157121418,5,4,5,2,1
8,方便,4,4.0,0.008178442713158037,5,1,1,1,8
8,方式,4,4.0,0.001082875808782631,5,2,3,1,5
8,日期,5,5.0,0.01458414143220976,5,1,1,1,8
8,時間,15,7.5,0.011683173089053756,5,5,7,2,1
8,最好,4,4.0,0.0020909191852570576,5,2,3,1,2
8,有效,8,4.0,0.00341596319821659,5,5,7,2,1
8,有益,5,5.0,0.004514778999234582,5,4,4,1,2
8,有益菌,1,1.0,0.0033640580401710037,5,9,14,1,1
8,服用,10,10.0,0.008765656059741177,5,7,9,1,1
8,服部,6,6.0,0.019028672442921755,5,1,1,1,8
8,條件,6,6.0,0.017561780503194072,5,1,1,1,8
8,植物乳桿菌,2,2.0,0.00539401544998657,5,7,10,1,1
8,母乳,5,5.0,0.0032483230608619804,5,2,2,1,1
8,比菲德氏菌,8,8.0,0.018503576548499552,5,9,17,1,1
8,比較,11,11.0,0.009642221665715295,5,6,8,1,1
8,沙門氏菌,1,1.0,0.01034909491207777,5,2,2,1,3
8,注意,5,5.0,0.006560383778019898,5,5,6,1,1
8,洛德乳桿菌,1,1.0,0.003695872597205432,5,3,3,1,1
8,活菌,5,1.6666666666666667,0.005352071904796133,5,10,25,3,1
8,消化,4,4.0,0.0018443363302371664,5,5,7,1,1
8,消化道,4,4.0,0.013788424603239088,5,5,5,1,1
8,添加,11,5.5,0.004083092631549622,5,7,13,2,1
8,添加物,5,5.0,0.01966166154360027,5,4,5,1,1
8,清楚,5,5.0,0.0046557273534325,5,1,1,1,8
8,減少,9,4.5,0.009637566485744478,5,4,6,2,3
8,減緩,4,4.0,0.007730209266557818,5,1,1,1,8
8,源菌,1,1.0,0.0069979811944339285,5,1,1,1,8
8,瀏覽,4,4.0,0.015856427571063567,5,1,1,1,8
8,無菌,1,1.0,0.005927446562115993,5,3,3,1,4
8,營養,12,6.0,0.008573025408826731,5,6,9,2,1
8,物質,4,4.0,0.011473986460829779,5,2,2,1,5
8,特性,5,5.0,0.015307710487502096,5,1,1,1,8
8,球菌,14,14.0,0.02222387668298505,5,9,17,1,1
8,環境,15,7.5,0.01451170509999715,5,8,14,2,1
8,生活,4,4.0,0.0021917112065815074,5,4,4,1,2
8,生產,5,5.0,0.01463481708599506,5,1,1,1,8
8,生長,11,5.5,0.02289311816305148,5,4,6,2,2
8,產品,20,10.0,0.008431617163365702,5,10,27,2,1
8,產生,10,10.0,0.011896170045463669,5,3,3,1,5
8,畜產品,4,4.0,0.028905637626816014,5,1,1,1,8
8,病原菌,3,3.0,0.014917211842513338,5,3,3,1,5
8,病源,6,6.0,0.035794944373061216,5,1,1,1,8
8,病菌,1,1.0,0.0016875371846718607,5,4,5,1,4
8,發布,4,4.0,0.02637509489756371,5,1,1,1,8
8,發現,9,9.0,0.007383625832242128,5,6,6,1,1
8,發酵,4,4.0,0.0059128243643030345,5,5,6,1,3
8,益生,2,2.0,-3.6040933393016128e-06,5,6,8,1,2
8,益生元,14,7.0,0.028186062910746566,5,8,15,2,1
8,益生菌,195,39.0,0.0007580980211600326,5,10,58,5,1
8,益生菌品牌,2,2.0,0.004461945140663831,5,6,8,1,1
8,益生菌比較,1,1.0,0.00284785501780358,5,3,5,1,1
8,益生菌種類,1,1.0,0.0069537596085931545,5,6,9,1,1
8,益生質,17,17.0,0.04320315029030524,5,8,23,1,1
8,益菌,10,3.3333333333333335,0.050526300692755786,5,10,32,3,1
8,益菌寶,1,1.0,0.0032044162400039307,5,2,2,1,1
8,相關,9,9.0,0.0039896945979411855,5,7,7,1,1
8,看到,5,5.0,0.0022138611484229733,5,2,2,1,1
8,知識,4,4.0,0.01877329600246623,5,2,2,1,2
8,研究,29,14.5,0.008911618108168522,5,8,16,2,1
8,碧安朵,4,4.0,0.010365770493310469,5,1,1,1,8
8,科學,6,6.0,0.007533066555000927,5,2,2,1,8
8,種菌,1,1.0,0.0030262741829530392,5,1,1,1,8
8,糞腸球菌,5,5.0,0.01629220030013918,5,7,10,1,1
8,細節,4,4.0,0.01988309698331956,5,1,1,1,8
8,細胞,6,6.0,0.02039031766008172,5,3,4,1,5
8,細菌,8,4.0,0.009385243660790049,5,9,34,2,1
8,細菌性,1,1.0,0.006287659036911053,5,2,3,1,5
8,統一LP33益生菌,1,1.0,0.0031792480143997,5,2,2,1,8
8,維基百科,5,5.0,0.012244553490233477,5,1,1,1,8
8,繁殖,4,4.0,0.005638060355069671,5,2,2,1,1
8,繼續,4,4.0,0.01756548351799929,5,1,1,1,8
8,胃酸,4,4.0,0.005978530264504076,5,5,7,1,1
8,能力,5,5.0,0.006162726773899636,5,1,1,1,8
8,腸胃道,5,5.0,0.010709412806601986,5,5,5,1,1
8,腸道,47,15.666666666666666,0.039405372635251866,5,10,36,3,1
8,腸道益生菌,1,1.0,0.002227015018867095,5,6,10,1,1
8,腹瀉,9,4.5,0.01978170027993352,5,4,6,2,1
8,膳食纖維,4,4.0,0.00596252120036349,5,5,6,1,1
8,膽固醇,4,4.0,0.016083765045509082,5,2,2,1,8
8,臨床,4,4.0,0.006674942354512883,5,2,2,1,5
8,菌數,10,5.0,0.013229670308974874,5,10,29,2,1
8,菌株,62,15.5,0.041941438832975936,5,10,35,4,1
8,菌產,1,1.0,0.009150864435042256,5,1,1,1,8
8,菌相,1,1.0,0.0057444658449944865,5,1,1,1,8
8,菌種,28,9.333333333333334,0.027075552098013985,5,10,47,3,1
8,菌種平衡,1,1.0,0.003395101470628721,5,6,10,1,1
8,菌組,1,1.0,0.07083295415888326,5,1,1,1,8
8,菌群,4,2.0,0.014556114845241684,5,6,8,2,1
8,菌落形成單位,1,1.0,0.003219331077579339,5,2,2,1,8
8,菌量,3,3.0,0.007348754384019256,5,6,7,1,1
8,藥性,4,4.0,0.00897231062325887,5,1,1,1,8
8,補充,8,8.0,0.0069059801696425656,5,8,17,1,1
8,覺得,5,5.0,0.0052137526787865715,5,1,1,1,8
8,討論,5,5.0,0.006258842006483573,5,1,1,1,8
8,調節,7,7.0,0.00966026226851746,5,5,5,1,1
8,論述,4,4.0,0.009668630619533502,5,1,1,1,8
8,證實,7,7.0,0.01177559743223449,5,4,4,1,1
8,資訊,5,5.0,0.011910957480244271,5,2,2,1,8
8,身體,8,8.0,0.005155873531939872,5,6,15,1,2
8,農純,5,5.0,0.008186428259139455,5,1,1,1,8
8,造成,4,4.0,0.0023416685234765987,5,4,4,1,2
8,進入,4,4.0,0.0050833201969238,5,1,1,1,8
8,過敏,10,5.0,0.012723189893873308,5,4,5,2,1
8,達到,5,5.0,0.01442422969175755,5,2,2,1,1
8,適當,5,5.0,0.01817252617848868,5,1,1,1,8
8,選擇,24,24.0,0.016039796107366146,5,6,9,1,1
8,選用,4,4.0,0.015196466837940225,5,1,1,1,8
8,醫學,9,9.0,0.043548988687171136,5,2,3,1,2
8,醫師,11,11.0,0.05289435084690209,5,4,6,1,1
8,醫療,5,5.0,0.014322737066884753,5,3,3,1,1
8,醱酵,7,7.0,0.03604830696396207,5,1,1,1,8
8,重要,6,6.0,0.002188467714163864,5,4,5,1,1
8,針對,15,15.0,0.019887465131330672,5,2,4,1,1
8,降低,17,8.5,0.012649206081327968,5,5,6,2,2
8,限制,7,7.0,0.005826737665256414,5,1,1,1,8
8,陰道,4,4.0,0.00828527333701165,5,2,2,1,5
8,雙歧桿菌,1,1.0,0.002154909202759317,5,7,18,1,2
8,雷特氏B菌,1,1.0,0.0027007056864715106,5,6,11,1,1
8,需求,7,7.0,0.0045476522852067715,5,2,2,1,1
8,需要,9,4.5,0.003001291054037595,5,8,14,2,1
8,青黴菌,1,1.0,0.013354656606038882,5,1,1,1,8
8,預防,4,4.0,0.017894207881761215,5,2,3,1,5
8,食品,5,5.0,0.0012518779699171663,5,8,10,1,1
8,食物,13,6.5,0.004013676575252884,5,9,20,2,1
8,食用,5,5.0,0.0022430419639363113,5,8,18,1,1
8,飲食,15,7.5,0.016450991999327903,5,7,8,2,1
8,飼料,14,14.0,0.038758172208423744,5,2,2,1,3
8,體內,4,4.0,0.005516090337615846,5,4,6,1,2
8,體質,7,7.0,0.00931849591900752,5,7,11,1,1
8,高菌,1,1.0,0.0032891215393815085,5,5,6,1,1
8,黴菌,2,1.0,0.005145097549327557,5,4,7,2,3
8,鼠李糖乳桿菌,5,5.0,0.012792799746325138,5,8,16,1,1
8,鼠李糖乳酸桿菌,1,1.0,0.003138048340880505,5,6,9,1,3
9,Facebook,6,6.0,0.020760666040177345,8,1,1,1,9
9,Lactobacillus,5,5.0,0.07406817800381464,8,7,16,1,1
9,upmedia,7,7.0,0.1013636120186372,8,1,1,1,9
9,一家人,6,6.0,0.056516484105253284,8,1,1,1,9
9,一家人益生菌,13,13.0,0.1718194633529216,8,3,4,1,3
9,上報,5,5.0,0.046928179709361466,8,1,1,1,9
9,乳桿菌,1,1.0,0.0108405381344734,8,8,11,1,1
9,乳酪,12,12.0,0.0542901891915243,8,1,1,1,9
9,乳酸桿菌,3,1.5,0.017989160814723203,8,8,18,2,1
9,乳酸菌,44,8.8,0.055520556933079404,8,10,43,5,1
9,乾酪乳桿菌,2,1.0,0.013281981359858905,8,6,9,2,1
9,人體,6,6.0,0.06276234707524637,8,9,16,1,1
9,健康,37,9.25,0.0014270889097326982,8,10,39,4,1
9,健康益生菌,2,2.0,0.012428938679728095,8,3,4,1,2
9,免疫力,4,4.0,0.007784402396695957,8,1,1,1,9
9,內菌,2,2.0,0.05856892949877523,8,3,3,1,4
9,全部,5,5.0,0.013406632922207859,8,1,1,1,9
9,公克,9,9.0,0.06961811441355482,8,1,1,1,9
9,分子,13,13.0,0.07165133419838479,8,2,2,1,5
9,副乾酪乳桿菌,3,1.5,0.024714301514917283,8,8,13,2,1
9,功效,5,5.0,0.04480725203317527,8,9,16,1,1
9,加氏乳桿菌,2,2.0,0.039986049094545485,8,3,3,1,1
9,吃益生菌,2,2.0,0.011144162073355812,8,10,31,1,1
9,含有,6,6.0,0.011502001150403571,8,5,5,1,3
9,含菌量,1,1.0,0.008913594267758987,8,1,1,1,9
9,善方,5,5.0,0.10083784850527218,8,1,1,1,9
9,嗜熱鏈球菌,2,2.0,0.028740832153548043,8,3,5,1,1
9,嗜酸乳桿菌,3,1.0,0.012180148799525175,8,10,20,3,1
9,壞菌,10,2.0,0.02304155950637935,8,9,34,5,1
9,多醣,8,8.0,0.08407227473974893,8,1,1,1,9
9,大學,5,5.0,0.020450017997512684,8,1,1,1,9
9,大腸桿菌,3,3.0,0.024693068159317096,8,4,4,1,1
9,好菌,6,2.0,0.013538706535788798,8,10,36,3,1
9,定義,4,4.0,0.07092377162841658,8,2,2,1,9
9,專頁,4,4.0,0.0412481461695445,8,1,1,1,9
9,市場,6,6.0,0.09309661087283144,8,2,2,1,9
9,建議,20,6.666666666666667,0.029717538910872768,8,8,18,3,1
9,快速,4,4.0,0.02748409863451509,8,1,1,1,9
9,成分,4,4.0,0.009951472778914243,8,7,7,1,1
9,成長,5,5.0,0.07511549102082746,8,1,1,1,9
9,抑鬱,8,8.0,0.06360742745841949,8,1,1,1,9
9,抗生素,6,6.0,0.025170599522137776,8,7,8,1,1
9,推薦,4,2.0,0.005014281400688122,8,9,24,2,1
9,攝取,13,13.0,0.06619807748202396,8,6,6,1,2
9,改善,7,7.0,0.010292901356319115,8,7,12,1,1
9,改變細菌叢生態,1,1.0,0.013552353243420976,8,5,7,1,1
9,新聞,5,5.0,0.012294830660545387,8,1,1,1,9
9,旅行,4,4.0,0.012064646485863629,8,3,3,1,3
9,時間,4,4.0,0.008236845031729487,8,5,7,1,1
9,更多,9,9.0,0.012381087281169748,8,3,3,1,1
9,有益菌,3,1.0,0.00911127280888596,8,9,14,3,1
9,服用,10,10.0,0.029810627781229487,8,7,9,1,1
9,查看,10,10.0,0.026622330479815704,8,1,1,1,9
9,植物乳桿菌,3,1.5,0.02441373275658689,8,7,10,2,1
9,每天,5,5.0,0.008078478694723655,8,5,5,1,1
9,每日,12,6.0,0.015445498611813253,8,3,4,2,3
9,比菲德氏菌,3,1.5,0.014135821676174111,8,9,17,2,1
9,比菲德氏龍根菌,3,1.5,0.02644259451335697,8,4,6,2,1
9,活菌,2,1.0,0.007243557989769915,8,10,25,2,1
9,減少,6,6.0,0.02495512880253986,8,4,6,1,3
9,濕疹,4,4.0,0.018245768190161517,8,1,1,1,9
9,營養,8,8.0,0.019526790910910814,8,6,9,1,1
9,球菌,3,1.5,0.022096870930808404,8,9,17,2,1
9,環境,4,4.0,0.023166053130188262,8,8,14,1,1
9,產品,13,6.5,0.026843636086104683,8,10,27,2,1
9,發現,8,8.0,0.022320496655554262,8,6,6,1,1
9,發酵,12,6.0,0.042110819404976074,8,5,6,2,3
9,益生,2,2.0,-2.6170263346640547e-05,8,6,8,1,2
9,益生元,7,3.5,0.020300594884526738,8,8,15,2,1
9,益生菌,127,15.875,0.0010891364437645612,8,10,58,8,1
9,益生菌什麼時候吃,1,1.0,0.021330879191986292,8,2,3,1,1
9,益菌,2,1.0,0.008823215730904,8,10,32,2,1
9,益菌多,1,1.0,0.02478838048384433,8,1,1,1,9
9,盥洗,4,4.0,0.03927882431211336,8,1,1,1,9
9,直播,5,5.0,0.01761060973192791,8,1,1,1,9
9,研究,8,8.0,0.013065891605948362,8,8,16,1,1
9,禮物,6,6.0,0.04637675643027074,8,1,1,1,9
9,粉絲,5,5.0,0.033084365126518626,8,1,1,1,9
9,純菌,1,1.0,0.020374099300364032,8,1,1,1,9
9,細菌,11,3.6666666666666665,0.027365263191515877,8,9,34,3,1
9,缺乏,4,4.0,0.014371437324661632,8,1,1,1,9
9,美容,12,12.0,0.02692158477976408,8,3,3,1,3
9,腸內菌,1,1.0,0.02978338376521804,8,2,2,1,9
9,腸道,15,15.0,0.06756607253485201,8,10,36,1,1
9,腸道益生菌,1,1.0,0.007573730401716786,8,6,10,1,1
9,膳食纖維,5,5.0,0.040407444681835526,8,5,6,1,1
9,膽固醇,5,5.0,0.02906840799364158,8,2,2,1,8
9,船井,7,7.0,0.09708249056608864,8,1,1,1,9
9,芝士,4,4.0,0.02058378597878339,8,1,1,1,9
9,菊苣纖維,5,5.0,0.06889027789630578,8,2,2,1,3
9,菌數,5,1.6666666666666667,0.02377873551990523,8,10,29,3,1
9,菌株,5,1.25,0.011650864463200877,8,10,35,4,1
9,菌種,5,1.25,0.013380768364284812,8,10,47,4,1
9,菌落形成單位,1,1.0,0.01094844239885632,8,2,2,1,8
9,補充,14,4.666666666666667,0.02213797063706786,8,8,17,3,1
9,褐藻,8,8.0,0.0861425095529613,8,1,1,1,9
9,豐富,5,5.0,0.016474536537627094,8,2,2,1,9
9,資訊,4,4.0,0.015091124452802102,8,2,2,1,8
9,酵母菌,2,1.0,0.012188551042517457,8,8,16,2,1
9,降低,7,7.0,0.018895034420200487,8,5,6,1,2
9,雙歧桿菌,2,1.0,0.014750575000297273,8,7,18,2,2
9,食物,4,4.0,0.004074214976944132,8,9,20,1,1
9,食用,17,5.666666666666667,0.01449922547832406,8,8,18,3,1
9,飯前,5,5.0,0.039799921978976215,8,1,1,1,9
9,鼠李糖乳桿菌,3,1.5,0.01822192734334743,8,8,16,2,1
9,鼠李糖乳酸桿菌,2,1.0,0.016729100677327156,8,6,9,2,3
10,2019,10,10.0,0.0066266076742516064,9,1,1,1,10
10,300億益生菌,1,1.0,0.008677027745565911,9,2,2,1,3
10,A菌嗜乳酸桿菌,1,1.0,0.021550143593530982,9,2,2,1,2
10,BBC,4,4.0,0.014780678740248932,9,1,1,1,10
10,B菌比菲德氏菌,1,1.0,0.0194760395532144,9,3,3,1,2
10,Credit,4,4.0,0.01667771253870926,9,1,1,1,10
10,Getty,9,9.0,0.03978945796596832,9,1,1,1,10
10,Images,9,9.0,0.024320700064472737,9,1,1,1,10
10,LGG菌鼠李糖乳桿菌,1,1.0,0.02262593874882724,9,3,3,1,2
10,Lactobacillus,20,6.666666666666667,0.05627047328151907,9,7,16,3,1
10,paracasei,5,5.0,0.035508305088446,9,2,2,1,1
10,plus,14,14.0,0.03365894816594316,9,1,1,1,10
10,三得利益生菌,1,1.0,0.01038539675321517,9,2,2,1,1
10,不適,6,6.0,0.03358339832237052,9,2,2,1,1
10,中壞菌,1,1.0,0.01671379538153722,9,1,1,1,10
10,乳桿菌,3,1.0,0.008769145112503924,9,8,11,3,1
10,乳酸桿菌,6,2.0,0.0125564655520341,9,8,18,3,1
10,乳酸菌,35,4.375,0.014167376511926478,9,10,43,8,1
10,乳酸菌粉,1,1.0,0.016146801584143278,9,2,2,1,4
10,乾酪乳桿菌,2,1.0,0.009225077612538508,9,6,9,2,1
10,乾酪乳酸桿菌,3,1.5,0.016946693583749534,9,5,6,2,1
10,人工,4,4.0,0.008989944223286844,9,1,1,1,10
10,人類,12,12.0,0.032103592629013834,9,3,3,1,5
10,人體,20,6.666666666666667,0.018151496328940742,9,9,16,3,1
10,作用,6,6.0,0.0050150667536952645,9,5,6,1,5
10,使用,9,4.5,0.0027989862783728953,9,7,19,2,1
10,來源,25,8.333333333333334,0.02018438714861389,9,5,7,3,1
10,保健,5,5.0,0.008192840302952472,9,5,5,1,1
10,保存,4,4.0,0.015236950860770062,9,5,5,1,1
10,健康,65,13.0,0.001063579579743682,9,10,39,5,1
10,優格,8,4.0,0.017617620628943686,9,5,6,2,1
10,免疫,5,5.0,0.004544494984993015,9,3,5,1,5
10,免疫系統,5,5.0,0.014137925513348375,9,3,3,1,2
10,內菌叢,2,2.0,0.024713299867130813,9,1,1,1,10
10,全球,6,6.0,0.0056733818600399255,9,1,1,1,10
10,制菌,2,2.0,0.01082975725150436,9,1,1,1,10
10,剖腹,4,4.0,0.012241090894708049,9,1,1,1,10
10,副乾酪乳桿菌,5,2.5,0.024017504648841257,9,8,13,2,1
10,功效,11,5.5,0.011369300277353493,9,9,16,2,1
10,功能,5,5.0,0.007756641759397201,9,6,8,1,1
10,功能性,5,5.0,0.014703061842952487,9,1,1,1,10
10,動物,5,5.0,0.011621499994639456,9,3,3,1,5
10,包括,4,4.0,0.0038198266819255743,9,5,6,1,1
10,包膜,4,4.0,0.02835953867586921,9,2,2,1,6
10,包裝,10,5.0,0.012108475965359798,9,3,4,2,5
10,包覆,5,5.0,0.0407167072368638,9,1,1,1,10
10,原料,4,4.0,0.009214830897392369,9,2,2,1,8
10,原生保健性菌種,1,1.0,0.01633776209135539,9,2,2,1,1
10,口腔,5,5.0,0.011683264927439008,9,2,2,1,2
10,吃益生菌,7,2.3333333333333335,0.014539416684085116,9,10,31,3,1
10,含有,7,7.0,0.015589722147483269,9,5,5,1,3
10,含菌,1,1.0,0.00848643618896857,9,2,2,1,6
10,含量,8,8.0,0.012866387334359916,9,1,1,1,10
10,吸收,8,4.0,0.007156594857316789,9,1,2,2,10
10,品牌,13,6.5,0.0031753233666369177,9,5,6,2,1
10,唐納,4,4.0,0.02234072381116067,9,1,1,1,10
10,問題,9,9.0,0.01838450228184093,9,7,9,1,1
10,嗜乳酸桿菌,2,1.0,0.014786489724928293,9,1,2,2,10
10,嗜酸乳桿菌,7,1.75,0.015169043947755076,9,10,20,4,1
10,器官,4,4.0,0.01026167688860182,9,1,1,1,10
10,回覆,4,4.0,0.015053548345209075,9,1,1,1,10
10,國際,7,7.0,0.010324743396105148,9,3,3,1,3
10,國際學術,6,6.0,0.1116534428775636,9,1,1,1,10
10,圖像,4,4.0,0.01387082921064305,9,1,1,1,10
10,基因,8,8.0,0.018487224907847957,9,2,3,1,5
10,塑膠,4,4.0,0.016552822588934174,9,2,2,1,6
10,增加,8,4.0,0.005073584765926829,9,6,10,2,2
10,壞菌,7,1.1666666666666667,0.012713105551594299,9,9,34,6,1
10,大廠,5,5.0,0.016359298364411343,9,2,2,1,5
10,大腦,8,8.0,0.026096333334554245,9,1,1,1,10
10,大腸桿菌,4,4.0,0.018188833422713758,9,4,4,1,1
10,天然,4,4.0,0.004149763355136386,9,3,3,1,1
10,天然優格粉,4,4.0,0.04822528102612548,9,2,2,1,6
10,女性,7,7.0,0.0064004411297375104,9,4,4,1,1
10,好菌,23,4.6,0.041464684157015694,9,10,36,5,1
10,娘家益生菌,2,2.0,0.013603527189249072,9,3,3,1,3
10,嬰兒,7,7.0,0.012156440827414636,9,4,4,1,1
10,存在,5,5.0,0.0055984495361569965,9,3,3,1,5
10,定殖,4,4.0,0.023160348922145968,9,6,6,1,1
10,定義,5,5.0,0.016187923788537197,9,2,2,1,9
10,容易,4,4.0,0.010956868422675108,9,4,7,1,3
10,寡糖,15,7.5,0.03770889160685645,9,7,8,2,1
10,專利,16,16.0,0.05201381894300042,9,7,10,1,1
10,專利菌種,1,1.0,0.008093657533644959,9,2,2,1,1
10,屎腸球菌,1,1.0,0.01690341444516841,9,7,9,1,1
10,差異,4,4.0,0.009579940307724206,9,3,3,1,1
10,市場,13,13.0,0.02697085768803666,9,2,2,1,9
10,幫助,19,9.5,0.029253970269074357,9,8,18,2,1
10,平衡,5,5.0,0.012318593919268487,9,4,4,1,4
10,建議,7,7.0,0.015580375741114675,9,8,18,1,1
10,引起,5,5.0,0.012799805186697962,9,1,1,1,10
10,影響,19,9.5,0.016863109259936844,9,4,5,2,3
10,微生物,71,35.5,0.0688914620109363,9,6,11,2,1
10,情況,4,4.0,0.017191902069197924,9,1,1,1,10
10,想要,4,4.0,0.007812267667047375,9,3,3,1,2
10,成份,5,5.0,0.016373842777349566,9,2,2,1,6
10,成分,8,8.0,0.009896001916155523,9,7,7,1,1
10,成為,5,5.0,0.01063338211419078,9,1,1,1,10
10,手工,5,5.0,0.011453402378901687,9,2,2,1,6
10,技術,9,4.5,0.02030999035497916,9,3,5,2,1
10,投資,4,4.0,0.010343228049904072,9,1,1,1,10
10,抗生素,8,8.0,0.018540581466190063,9,7,8,1,1
10,抗細菌,1,1.0,0.005641034038601034,9,2,2,1,2
10,指數,6,6.0,0.02299438603423896,9,1,1,1,10
10,挑選,14,4.666666666666667,0.028652254752503853,9,7,11,3,1
10,接觸,5,5.0,0.012841838023424592,9,1,1,1,10
10,推出,4,4.0,0.006599232378312785,9,1,1,1,10
10,推薦,19,3.8,0.006382642462935959,9,9,24,5,1
10,攝取,4,4.0,0.02366356615873255,9,6,6,1,2
10,改善,6,6.0,0.01766982582939933,9,7,12,1,1
10,改變,7,7.0,0.016976145398026058,9,3,3,1,2
10,改變細菌叢生態,1,1.0,0.006738405291600621,9,5,7,1,1
10,效果,10,5.0,0.00578970743377737,9,7,11,2,3
10,數量,7,7.0,0.016261675538258108,9,5,7,1,2
10,文字,4,4.0,0.008251444010710188,9,1,1,1,10
10,方法,5,5.0,0.003662940372419032,9,2,2,1,2
10,旗下,6,6.0,0.010730361161482386,9,1,1,1,10
10,更新,10,10.0,0.006360539142992106,9,1,1,1,10
10,最近,13,13.0,0.011167914939189913,9,1,1,1,10
10,有害,4,4.0,0.006978315759568257,9,1,1,1,10
10,有益菌,5,1.25,0.0054424361285453126,9,9,14,4,1
10,服用,10,5.0,0.02124777376791687,9,7,9,2,1
10,期刊,7,7.0,0.06538474919020226,9,2,2,1,2
10,未來,4,4.0,0.008892335695380409,9,1,1,1,10
10,果糖,4,4.0,0.01991324848868941,9,2,2,1,6
10,梭菌,1,1.0,0.00363815166892021,9,3,4,1,1
10,植物乳桿菌,2,2.0,0.014540389473876841,9,7,10,1,1
10,標示,4,4.0,0.01503082573234205,9,2,2,1,4
10,正常,5,5.0,0.005295210319824488,9,3,4,1,1
10,死菌,2,2.0,0.014337131254376894,9,5,6,1,1
10,比菲德氏菌,7,2.3333333333333335,0.0277686134149363,9,9,17,3,1
10,比菲德氏龍根菌,4,2.0,0.014673515566796618,9,4,6,2,1
10,氧菌,1,1.0,0.012845548364904908,9,1,1,1,10
10,治療,5,5.0,0.011360225051157996,9,2,3,1,5
10,注意,4,4.0,0.00441132211165155,9,5,6,1,1
10,洛德乳桿菌,2,2.0,0.05034715459179005,9,3,3,1,1
10,活性,4,4.0,0.011044649565229709,9,3,4,1,1
10,活菌,10,1.6666666666666667,0.010438187515840025,9,10,25,6,1
10,活菌易,1,1.0,0.027927533694665264,9,1,1,1,10
10,消化,5,5.0,0.009108670846636987,9,5,7,1,1
10,消費者,8,8.0,0.014129521223652743,9,3,3,1,3
10,添加,20,10.0,0.012213056152683893,9,7,13,2,1
10,添加物,4,4.0,0.01802647765156841,9,4,5,1,1
10,清潔,4,4.0,0.006338940914470107,9,3,3,1,2
10,熱縮膜,6,6.0,0.06373524237677508,9,2,2,1,6
10,營養,4,4.0,0.007115154204465871,9,6,9,1,1
10,狀態,4,4.0,0.02020859631286872,9,2,2,1,6
10,球菌,16,4.0,0.02104527554461374,9,9,17,4,1
10,環境,10,5.0,0.010207423734366707,9,8,14,2,1
10,生活,4,4.0,0.001142034283494254,9,4,4,1,2
10,生菌,3,3.0,0.033586550342852656,9,1,1,1,10
10,生長,4,4.0,0.01566939159609491,9,4,6,1,2
10,產品,53,10.6,0.019117176540212544,9,10,27,5,1
10,產生,4,4.0,0.02876493916993115,9,3,3,1,5
10,疾病,5,5.0,0.0054784671503586855,9,3,3,1,2
10,病原,5,5.0,0.01822758312716176,9,1,1,1,10
10,病菌,1,1.0,0.003306697660078249,9,4,5,1,4
10,症狀,4,4.0,0.021382666101500757,9,4,4,1,1
10,發現,9,9.0,0.013872266715121574,9,6,6,1,1
10,發酵,6,6.0,0.017379103702858268,9,5,6,1,3
10,益暢敏益生菌,1,1.0,0.008992265268028958,9,2,2,1,1
10,益生元,2,1.0,0.004138505084445385,9,8,15,2,1
10,益生菌,294,32.666666666666664,0.0011060821234755755,9,10,58,9,1
10,益生菌品牌,2,1.0,0.005192737614287106,9,6,8,2,1
10,益生菌推薦,4,4.0,0.023568755307841555,9,5,9,1,1
10,益生菌膠囊,1,1.0,0.013325688849741777,9,4,4,1,3
10,益生質,21,3.5,0.037158838628462816,9,8,23,6,1
10,益菌,19,2.7142857142857144,0.01881336544936944,9,10,32,7,1
10,相關,4,4.0,0.003474547645532788,9,7,7,1,1
10,看菌,2,2.0,0.018553662471580048,9,1,1,1,10
10,真菌,1,1.0,0.003034570300971747,9,2,2,1,5
10,研究,41,13.666666666666666,0.01642314890944828,9,8,16,3,1
10,私密,4,4.0,0.02747030118310281,9,3,4,1,1
10,科學,5,5.0,0.011794195111365086,9,2,2,1,8
10,科學家,5,5.0,0.01733853651330381,9,1,1,1,10
10,粉末,4,4.0,0.017070155086683542,9,3,3,1,5
10,粉狀,5,5.0,0.02857430295926497,9,2,2,1,5
10,糞腸球菌,1,1.0,0.01774528843501646,9,7,10,1,1
10,約翰遜,4,4.0,0.02043902045774821,9,1,1,1,10
10,細胞,4,4.0,0.034935410924273345,9,3,4,1,5
10,細菌,36,5.142857142857143,0.02085821324109451,9,9,34,7,1
10,細菌叢,1,1.0,0.006139752262561677,9,1,1,1,10
10,細菌叢生態,2,2.0,0.012618408369758671,9,4,6,1,1
10,組計,4,4.0,0.03087672589928387,9,1,1,1,10
10,統一LP33益生菌,1,1.0,0.008570146821425276,9,2,2,1,8
10,維持,10,10.0,0.04578157588224497,9,3,5,1,1
10,維持消化道機能,5,5.0,0.02739644513810388,9,2,2,1,1
10,編號,9,9.0,0.030831442063950876,9,3,4,1,2
10,緩解,5,5.0,0.031309756917405264,9,1,1,1,10
10,美國,9,4.5,0.006098356519386126,9,1,2,2,10
10,肌膚,4,4.0,0.009504976441307078,9,3,3,1,5
10,胚芽乳酸桿菌,1,1.0,0.008402869870623338,9,2,2,1,2
10,脹氣,9,9.0,0.06703307499326991,9,2,2,1,1
10,腸內菌,2,2.0,0.022872860081131503,9,2,2,1,9
10,腸胃,11,5.5,0.021720064915911753,9,5,8,2,1
10,腸胃道,9,9.0,0.07616282401871648,9,5,5,1,1
10,腸道,125,13.88888888888889,0.061039046250458036,9,10,36,9,1
10,腸道好菌,1,1.0,0.01743302341257147,9,4,6,1,1
10,腸道益生菌,1,1.0,0.004363794421086414,9,6,10,1,1
10,膳食纖維,13,6.5,0.028198455441565594,9,5,6,2,1
10,致病菌,1,1.0,0.0036957174434768866,9,5,6,1,1
10,茶菌,1,1.0,0.007507053726617647,9,2,2,1,3
10,菌叢,8,1.1428571428571428,0.010263344705460618,9,8,26,7,1
10,菌數,30,5.0,0.04577339562464441,9,10,29,6,1
10,菌株,35,8.75,0.0381639503633513,9,10,35,4,1
10,菌種,55,6.875,0.05063350763185322,9,10,47,8,1
10,菌種平衡,1,1.0,0.0107311834718696,9,6,10,1,1
10,菌粉,5,5.0,0.019034702529108532,9,3,4,1,3
10,菌群,1,1.0,0.002510044312285348,9,6,8,1,1
10,菌膜,1,1.0,0.005612100840255378,9,1,1,1,10
10,菌調,1,1.0,0.02159274736547037,9,1,1,1,10
10,菌類,1,1.0,0.010388097734067884,9,2,2,1,3
10,葡萄王益菌王,2,2.0,0.016751579818135794,9,1,1,1,10
10,蔓越,6,6.0,0.010988208031903285,9,2,2,1,1
10,蔬果,6,6.0,0.013985684585606818,9,2,2,1,3
10,行為,9,9.0,0.025717398495490283,9,1,1,1,10
10,表明,7,7.0,0.018136236413070283,9,1,1,1,10
10,補充,25,8.333333333333334,0.030152423259616052,9,8,17,3,1
10,調整,4,4.0,0.012691002080031726,9,4,8,1,1
10,豐富,4,4.0,0.007593773405674465,9,2,2,1,9
10,趨勢,8,8.0,0.02134508191819459,9,1,1,1,10
10,足量,8,8.0,0.04357275197069732,9,1,1,1,10
10,身上,4,4.0,0.008619927791726259,9,1,1,1,10
10,身體,29,5.8,0.015741835560444298,9,6,15,5,2
10,輔菌,1,1.0,0.013147553928680812,9,2,2,1,1
10,迷思,5,5.0,0.05215896321832583,9,2,2,1,1
10,這種,10,10.0,0.02165925794056341,9,1,1,1,10
10,造成,5,5.0,0.011564858026483694,9,4,4,1,2
10,進行,6,6.0,0.009813962500251957,9,1,1,1,10
10,運動,6,6.0,0.007467411927062525,9,3,3,1,2
10,過敏,4,4.0,0.03294785271175288,9,4,5,1,1
10,選擇,10,5.0,0.010685790565276077,9,6,9,2,1
10,選購,4,4.0,0.01601818210461373,9,3,3,1,5
10,酵母菌,3,1.0,0.006350969820828677,9,8,16,3,1
10,酵素,10,10.0,0.02123104042374225,9,5,8,1,1
10,長期,9,9.0,0.04960598820404975,9,2,2,1,1
10,開發,5,5.0,0.0119481949774443,9,2,2,1,1
10,降低,4,4.0,0.021624739593983974,9,5,6,1,2
10,雙叉乳桿菌,1,1.0,0.02444902473806893,9,1,1,1,10
10,雙歧桿菌,9,1.5,0.012693816194836569,9,7,18,6,2
10,雷特氏B菌,4,1.3333333333333333,0.017425329484040516,9,6,11,3,1
10,需要,17,5.666666666666667,0.008581481299681658,9,8,14,3,1
10,顯示,7,7.0,0.013086488819272405,9,2,2,1,1
10,食品,5,5.0,0.002453031548832827,9,8,10,1,1
10,食物,21,7.0,0.0064616512698696385,9,9,20,3,1
10,飲料,16,16.0,0.027248196255899408,9,3,3,1,5
10,飲食,18,18.0,0.03000447192871566,9,7,8,1,1
10,餵養,4,4.0,0.015690606993211016,9,1,1,1,10
10,香料,4,4.0,0.013745131745865164,9,2,2,1,3
10,體內,6,6.0,0.015545345496917384,9,4,6,1,2
10,體質,5,5.0,0.01794244555833746,9,7,11,1,1
10,高菌,3,1.5,0.02311047999692507,9,5,6,2,1
10,高菌數,1,1.0,0.019420712471138853,9,3,3,1,3
10,麥克,4,4.0,0.012464992260065212,9,1,1,1,10
10,黴菌,1,1.0,0.015463608592075918,9,4,7,1,3
10,鼠李糖乳桿菌,4,1.3333333333333333,0.02001820164691982,9,8,16,3,1
10,鼠李糖乳酸桿菌,5,2.5,0.021877520649661208,9,6,9,2,3
10,龍根菌,3,1.5,0.019726909005717927,9,4,8,2,1
